time,x,y,z,yaw,platform,trajectory,traj_double,traj_short,traj_spin,traj_time,ref_time,comptime,x_ref,y_ref,yaw_ref,z_ref,throttle_input,p_input,q_input,r_input,cbf_term_pitch_cbf,cbf_term_roll_cbf,cbf_term_thrust_cbf,cbf_term_yaw_cbf
10.090880870819092,0.030547448,0.07898822,-2.6705947,-0.0009223809734730977,SIM,FIG8_VERTICAL,NormSpd,Short,NoSpin,0.0898587703704834,1.2898587703704834,0.00036525726318359375,0.0,0.3317935555730997,0.0,-5.211236475990674,0.7822496240198908,0.054347721674408,0.039388226740307515,-0.0013994679407861772,0.0,-2.286795208591425,-116.86609037016248,0.0
10.190997123718262,0.037394907,0.076901406,-2.6810052,-0.002608817899312719,nan,nan,nan,nan,nan,0.18991923332214355,1.3899192333221435,0.00040841102600097656,0.0,0.34100221457663366,0.0,-5.153647920352128,0.7910399159510145,0.116815637157582,0.041301250181117605,-0.0009064119686760073,0.0,0.0,-89.84663074096494,0.0
10.29070782661438,0.04336913,0.0743602,-2.698651,-0.003495482394683687,nan,nan,nan,nan,nan,0.28967881202697754,1.4896788120269775,0.00042557716369628906,0.0,0.3470099163726929,0.0,-5.090524259902434,0.799821369774262,0.11192341738184129,0.0331840390914005,0.0007601988652279684,0.0,0.0,-53.614866612071964,0.0
10.390732526779175,0.043840848,0.07326025,-2.742181,-0.003694815487270345,nan,nan,nan,nan,nan,0.38968873023986816,1.5896887302398681,0.0004298686981201172,0.0,0.3497961289428048,0.0,-5.0238748419742265,0.8076819504401781,0.08353709497945429,0.02167307410434205,0.0019198993399469383,0.0,0.0,-12.244446921072054,0.0
10.491100311279297,0.04357419,0.077872515,-2.8016384,-0.003939357861269343,nan,nan,nan,nan,nan,0.49009227752685547,1.6900922775268554,0.0005066394805908203,0.0,0.34930739325104504,0.0,-4.9560714216507264,0.8026040875420335,0.051997957817902285,0.009121580230086248,0.002804513075794067,0.0,0.0,0.0,0.0
10.5909903049469,0.046356853,0.09199215,-2.8809578,-0.004448869996251409,nan,nan,nan,nan,nan,0.5899317264556885,1.7899317264556884,0.0003707408905029297,0.0,0.34556126335026266,0.0,-4.890280356517551,0.7853479633431252,0.01783325537179062,0.00019307654097587307,0.0036417954947073803,0.0,0.0,0.0,0.0
10.690984010696411,0.046086803,0.107665375,-2.9660678,-0.0050252687536123195,nan,nan,nan,nan,nan,0.6901688575744629,1.8901688575744628,0.0004062652587890625,0.0,0.3385649788500821,0.0,-4.8283297912549,0.7703880170606684,-0.012692432948822786,-0.0070453253149217,0.004294372297417361,0.0,0.0,2.211035371241092,0.0
10.790777921676636,0.03674034,0.13014609,-3.0647147,-0.005949472624130925,nan,nan,nan,nan,nan,0.7898223400115967,1.9898223400115966,0.0003743171691894531,0.0,0.3284608603532552,0.0,-4.773106448636295,0.7598819855632706,-0.04186460443830747,-0.015772214789951552,0.004807732521911752,0.0,0.0,11.434892766930592,0.0
10.89078974723816,0.02183803,0.15419157,-3.1715887,-0.007967871253776095,nan,nan,nan,nan,nan,0.8897490501403809,2.089749050140381,0.0004932880401611328,0.0,0.3152710572752589,0.0,-4.726163616578812,0.7502555051409144,-0.0646072056996196,-0.025319301715599825,0.00580972633343928,0.0,0.0,15.143305825631032,0.0
10.991353750228882,0.002145287,0.1833487,-3.2928908,-0.01074729399483344,nan,nan,nan,nan,nan,0.9902794361114502,2.1902794361114504,0.0004849433898925781,0.0,0.29903588429431,0.0,-4.689220861039065,0.7414432986602946,-0.08221921656959161,-0.03548845967818074,0.007368342308907709,0.0,0.0,21.45096793265311,0.0
11.090828895568848,-0.015894642,0.21439445,-3.4094563,-0.013011638617024745,nan,nan,nan,nan,nan,1.0899343490600586,2.2899343490600588,0.00036978721618652344,0.0,0.2801566619520684,0.0,-4.6641466649340515,0.7333837460710688,-0.09553482836318186,-0.04218880663460399,0.008592444239136812,0.0,0.0,22.748753526124524,0.0
11.190705299377441,-0.03781475,0.24744248,-3.5389216,-0.01365042850249067,nan,nan,nan,nan,nan,1.1896092891693115,2.3896092891693117,0.00036025047302246094,0.0,0.25867513622206234,0.0,-4.651499075019326,0.7260188359083826,-0.10243808272052658,-0.04627373142184296,0.008741976074170286,0.0,0.0,23.86568345175638,0.0
11.29077410697937,-0.061601233,0.276566,-3.6577451,-0.013105453344076326,nan,nan,nan,nan,nan,1.289689302444458,2.489689302444458,0.0004096031188964844,0.0,0.23469244239931378,0.0,-4.651780022873436,0.7192940975914505,-0.10227554963730992,-0.0487583175540781,0.007896163040170927,0.0,0.0,24.13791461179562,0.0
11.390939950942993,-0.08371615,0.30919647,-3.7828,-0.012564985871455775,nan,nan,nan,nan,nan,1.389906406402588,2.589906406402588,0.000423431396484375,0.0,0.208477729595793,0.0,-4.665083192005327,0.7131585158608837,-0.097197614950737,-0.04880089152925066,0.006861071259900543,0.0,0.0,21.64089874416175,0.0
11.491344690322876,-0.10000892,0.33904916,-3.8940897,-0.01255108593530514,nan,nan,nan,nan,nan,1.4904818534851074,2.6904818534851076,0.0005373954772949219,0.0,0.18020414046287433,0.0,-4.691033194927162,0.7075644291852813,-0.08858103254848644,-0.04279683281659166,0.007011401073953825,0.0,0.0,17.865028935441465,0.0
11.591070413589478,-0.114497796,0.36866036,-4.006459,-0.01301283336863445,nan,nan,nan,nan,nan,1.5900368690490723,2.7900368690490724,0.00036907196044921875,0.0,0.1505403743421975,0.0,-4.728192147181939,0.7024674143033821,-0.07734895445303222,-0.03299549826712681,0.00803770898855342,0.0,0.0,11.492769820636715,0.0
11.69076156616211,-0.122675635,0.38694233,-4.0968485,-0.011707888509588104,nan,nan,nan,nan,nan,1.6896746158599854,2.8896746158599855,0.0003612041473388672,0.0,0.11945721589073645,0.0,-4.775431873291553,0.6978261592627443,-0.05793069027424063,-0.01953632829670795,0.008532482932647602,0.0,0.0,2.840988610096706,0.0
11.790922403335571,-0.12914367,0.40130058,-4.190377,-0.010796741413351227,nan,nan,nan,nan,nan,1.7898926734924316,2.989892673492432,0.0003762245178222656,0.0,0.08707663053318707,0.0,-4.831322578060803,0.6970378551141396,-0.03809864198321065,-0.006593028700858773,0.008912545350186435,0.0,0.0,0.0,0.0
11.890913486480713,-0.13096906,0.4069209,-4.2655334,-0.009712024375747308,nan,nan,nan,nan,nan,1.8899338245391846,3.0899338245391847,0.0004982948303222656,0.0,0.053938625143078414,0.0,-4.89341149006267,0.699989410721115,-0.01594735106019687,0.005218839602793736,0.008866154638636208,0.0,0.0,0.0,0.0
11.991086483001709,-0.13222843,0.40539688,-4.353139,-0.007585437715125848,nan,nan,nan,nan,nan,1.9900057315826416,3.190005731582642,0.0003833770751953125,0.0,0.020286207067174815,0.0,-4.9594957932946455,0.7032666958225398,0.0032462114549947295,0.01580649839684368,0.008094009017976762,0.0,0.0,0.0,0.0
12.09089732170105,-0.13752352,0.39922884,-4.4166,-0.005113945544304353,nan,nan,nan,nan,nan,2.089824676513672,3.289824676513672,0.0004296302795410156,0.0,-0.013470370450554893,0.0,-5.026920780767602,0.7066879698272894,0.01999737861643658,0.019897870514940564,0.006073901960935444,0.0,0.0,0.0,0.0
12.190788269042969,-0.13984224,0.38690174,-4.4934783,-0.002097576359445727,nan,nan,nan,nan,nan,2.189743995666504,3.389743995666504,0.0004067420959472656,0.0,-0.04713528341230421,0.0,-5.09341178080399,0.7096797087087215,0.03178636861511416,0.022007680764613173,0.003657922025770084,0.0,0.0,0.0,0.0
12.290766716003418,-0.14131308,0.3741261,-4.545613,0.0004914520424858203,nan,nan,nan,nan,nan,2.2896933555603027,3.489693355560303,0.0004911422729492188,0.0,-0.08037070821690996,0.0,-5.156446061562022,0.7122644225200714,0.03986816844538398,0.02309245485323587,0.0013289786774294107,0.0,0.0,0.0,0.0
12.391062021255493,-0.14204606,0.3557828,-4.5997763,0.004015262876369274,nan,nan,nan,nan,nan,2.3902721405029297,3.59027214050293,0.0007569789886474609,0.0,-0.11305804793189005,0.0,-5.213994264410994,0.7145729887219858,0.0443475758179394,0.02320949981110067,-0.0017281997306547291,0.0,0.0,0.0,0.0
12.49085521697998,-0.1424572,0.32931033,-4.6577363,0.007436627549388779,nan,nan,nan,nan,nan,2.4898221492767334,3.6898221492767336,0.00040221214294433594,0.0,-0.1443605462360098,0.0,-5.263018072349194,0.716145880063547,0.04828205201961086,0.022386182351954633,-0.005071425722073474,0.0,0.0,0.0,0.0
12.59090542793274,-0.14573117,0.29587942,-4.708372,0.007304092152773566,nan,nan,nan,nan,nan,2.5898594856262207,3.789859485626221,0.0003502368927001953,0.0,-0.17447023217003008,0.0,-5.302495627417942,0.7170941711151028,0.05443116418884661,0.018079044862328208,-0.006047865703458239,0.0,0.0,0.0,0.0
12.690991163253784,-0.14553805,0.25824592,-4.7581253,0.005077280538075747,nan,nan,nan,nan,nan,2.689923048019409,3.8899230480194094,0.0003910064697265625,0.0,-0.2029569497531334,0.0,-5.330699692050352,0.717414109747111,0.05834063537333879,0.013246678777232764,-0.004938206133365285,0.0,0.0,0.0,0.0
12.791198253631592,-0.14360988,0.22212239,-4.8034315,0.0028019906073065946,nan,nan,nan,nan,nan,2.7901113033294678,3.990111303329468,0.0005035400390625,0.0,-0.22957815002222107,0.0,-5.346578128947439,0.7170382500108674,0.05821676802154048,0.00964402644731411,-0.0028997990401838066,0.0,0.0,0.0,0.0
12.890821933746338,-0.13885269,0.18419427,-4.852449,0.0012944692689701599,nan,nan,nan,nan,nan,2.8897664546966553,4.0897664546966555,0.0003514289855957031,0.0,-0.2539236726101077,0.0,-5.349513830354094,0.7159771631641116,0.054461765298801985,0.00760998813410274,-0.001516995282827454,0.0,0.0,0.0,0.0
12.992140054702759,-0.13258936,0.15125783,-4.898632,0.0002899039880676687,nan,nan,nan,nan,nan,2.991373062133789,4.191373062133789,0.000392913818359375,0.0,-0.27632040619607845,0.0,-5.339192938481106,0.7143532926194777,0.04630184997096859,0.007773423196848605,-0.0005862576183286717,0.0,0.0,0.0,0.0
13.09099817276001,-0.12847114,0.11522896,-4.9547825,-0.001182544474842175,nan,nan,nan,nan,nan,3.09002947807312,4.29002947807312,0.000431060791015625,0.0,-0.2955201177026896,0.0,-5.3166809751019946,0.7117505451759324,0.03817430137301652,0.0066086930046764065,0.0005826458609756945,0.0,0.0,0.0,0.0
13.19092583656311,-0.12206536,0.0824163,-4.9985795,-0.0018842271590673587,nan,nan,nan,nan,nan,3.1899027824401855,4.389902782440186,0.00036716461181640625,0.0,-0.3122205009443775,0.0,-5.282197249020154,0.7090531586333972,0.031045248664374032,0.005655320583603528,0.001360672918722387,0.0,0.0,0.0,0.0
13.290963888168335,-0.11967527,0.04842623,-5.0386076,-0.002750595660348589,nan,nan,nan,nan,nan,3.289909839630127,4.489909839630127,0.0003466606140136719,0.0,-0.3260296029475078,0.0,-5.237158916351185,0.7065701043439933,0.024650661944706616,0.004166374367286071,0.0019676834044241396,0.0,0.0,0.0,0.0
13.39091968536377,-0.11744826,0.020891547,-5.0656056,-0.003338812466972183,nan,nan,nan,nan,nan,3.390028238296509,4.590028238296509,0.0003960132598876953,0.0,-0.33680447299105204,0.0,-5.183218671316494,0.7044199184738236,0.019167078353449187,0.0010185420432996758,0.0028099800889484785,0.0,0.0,0.0,0.0
13.491339921951294,-0.111213274,-0.010215075,-5.091178,-0.0022198373032562596,nan,nan,nan,nan,nan,3.4902660846710205,4.690266084671021,0.0003383159637451172,0.0,-0.3444344258577067,0.0,-5.122359899342481,0.7028493335461442,0.014700517539269304,0.0010666136860265011,0.00216398376745194,0.0,0.0,0.0,0.0
13.590912103652954,-0.10383734,-0.035247583,-5.108132,0.00066490521014564,nan,nan,nan,nan,nan,3.589869976043701,4.789869976043701,0.00036716461181640625,0.0,-0.3488156188328939,0.0,-5.057343595792612,0.7014759654347895,0.01078829866506355,0.002770450869367053,0.00015734292937300654,0.0,0.0,0.0,0.0
13.690855741500854,-0.09581764,-0.058110096,-5.1181965,0.0038891699050486615,nan,nan,nan,nan,nan,3.690279245376587,4.890279245376587,0.0004782676696777344,0.0,-0.34996182605984694,0.0,-4.9896627909967215,0.700660717981893,0.006951999535919217,0.0047964300504246705,-0.002431695433311214,0.0,0.0,0.0,0.0
13.790993690490723,-0.091189526,-0.078209266,-5.1231318,0.006169191000948779,nan,nan,nan,nan,nan,3.7901079654693604,4.9901079654693605,0.00037288665771484375,0.0,-0.3478356190113333,0.0,-4.922753390663603,0.7004213489330725,0.004106025449232505,0.005623855620302999,-0.004675478895715704,0.0,0.0,0.0,0.0
13.890882730484009,-0.087590195,-0.09726763,-5.1246533,0.007832344417406161,nan,nan,nan,nan,nan,3.8901727199554443,5.0901727199554445,0.0004634857177734375,0.0,-0.3424563901369823,0.0,-4.858566252351285,0.700576023885018,0.003572205699243133,0.004520440083365874,-0.0061156501327933625,0.0,0.0,0.0,0.0
13.990729808807373,-0.08396384,-0.11087486,-5.1223354,0.00940247760392144,nan,nan,nan,nan,nan,3.989701271057129,5.189701271057129,0.0003757476806640625,0.0,-0.33392998281214276,0.0,-4.7999533151677305,0.7014426168234877,0.0016649979148057052,0.004023155344420072,-0.007597882998459823,0.0,0.0,0.0,0.0
14.090848684310913,-0.081091195,-0.12693177,-5.115276,0.009089263972230307,nan,nan,nan,nan,nan,4.089953184127808,5.289953184127808,0.00033020973205566406,0.0,-0.3222195922629592,0.0,-4.748383691797582,0.7027782605598244,0.003403693097400547,0.002875662530235312,-0.007870504594566698,0.0,0.0,0.0,0.0
14.190873861312866,-0.07641205,-0.13943672,-5.105628,0.008004281215690202,nan,nan,nan,nan,nan,4.189896583557129,5.389896583557129,0.0003314018249511719,0.0,-0.30753540580949884,0.0,-4.706349912824099,0.7046712880469379,0.006439594444894843,0.001823805102131961,-0.007101032409575316,0.0,0.0,0.0,0.0
14.29071593284607,-0.07470913,-0.15077226,-5.0879116,0.0064685204010073594,nan,nan,nan,nan,nan,4.289751291275024,5.489751291275025,0.00037384033203125,0.0,-0.28999989242148466,0.0,-4.675267502165095,0.7072748419275284,0.009008617206678544,0.0008756104612014978,-0.005856464823528632,0.0,0.0,0.0,0.0
14.390707969665527,-0.07498569,-0.15776314,-5.066721,0.0055341273475783045,nan,nan,nan,nan,nan,4.389643430709839,5.589643430709839,0.00038909912109375,0.0,-0.26975651550820595,0.0,-4.656244753956558,0.710496497449924,0.010570083850480314,-0.001434525515905636,-0.004847775163743039,0.0,0.0,0.0,0.0
14.491000413894653,-0.07542755,-0.16285089,-5.0335684,0.004660517551603235,nan,nan,nan,nan,nan,4.490193605422974,5.690193605422974,0.0003979206085205078,0.0,-0.24684213817846035,0.0,-4.650004745675487,0.7145021540835504,0.009826403384017095,-0.0029878080864520133,-0.004129631710724372,0.0,0.0,0.0,0.0
14.591779947280884,-0.08430806,-0.16813773,-5.002167,0.003735193837206544,nan,nan,nan,nan,nan,4.590714931488037,5.790714931488037,0.00035643577575683594,0.0,-0.2216052075627271,0.0,-4.6569450373438155,0.7189356420009008,0.010452424382317749,-0.007363493699016617,-0.0032699094210786235,0.0,0.0,0.0,0.0
14.691002130508423,-0.09570202,-0.17543821,-4.958458,0.002297186878155704,nan,nan,nan,nan,nan,4.6900269985198975,5.890026998519898,0.00038909912109375,0.0,-0.19461777121686116,0.0,-4.676487531443129,0.7235407481047974,0.012587501577457454,-0.011993173896971618,-0.002220239630720925,0.0,0.0,0.0,0.0
14.790826320648193,-0.103499934,-0.1794658,-4.92037,0.001453957561292886,nan,nan,nan,nan,nan,4.789775848388672,5.989775848388672,0.0003917217254638672,0.0,-0.16570798867986677,0.0,-4.708082197068734,0.7285373817623397,0.013703677305831883,-0.014814977815109603,-0.0011286931959011768,0.0,0.0,0.0,0.0
14.891017436981201,-0.111513056,-0.18154289,-4.879347,0.0010464978054076507,nan,nan,nan,nan,nan,4.8899760246276855,6.089976024627686,0.0008587837219238281,0.0,-0.13511794601246827,0.0,-4.750713517432043,0.733429930258312,0.01381641015578021,-0.015163657862310252,-0.0006887680887475187,0.0,0.0,0.0,0.0
14.990885734558105,-0.12180769,-0.18016373,-4.837681,0.0002055281968649401,nan,nan,nan,nan,nan,4.989848375320435,6.189848375320435,0.00048422813415527344,0.0,-0.10336726123085317,0.0,-4.802487129192101,0.7381290912815482,0.011393695625783023,-0.014668685994047316,-0.00011337715633703709,0.0,0.0,0.0,0.0
15.091012716293335,-0.12548964,-0.17413993,-4.802453,-0.0004998358769882248,nan,nan,nan,nan,nan,5.090120315551758,6.290120315551758,0.00033736228942871094,0.0,-0.07052151130003871,0.0,-4.861849690106631,0.7422212006450143,0.0072453976216934925,-0.011549306446070577,0.00047412913390828995,0.0,0.0,0.0,0.0
15.190955638885498,-0.12383474,-0.16564089,-4.7713284,-0.0013940520826654585,nan,nan,nan,nan,nan,5.189990282058716,6.389990282058716,0.00042366981506347656,0.0,-0.037148970312247495,0.0,-4.926121753228907,0.7455495753157139,0.00293565379743948,-0.005652103332222915,0.0010085998341099057,0.0,0.0,0.0,0.0
15.290802001953125,-0.121135026,-0.1546218,-4.747262,-0.0016991606997799336,nan,nan,nan,nan,nan,5.289755582809448,6.489755582809448,0.0004482269287109375,0.0,-0.003465889514708479,0.0,-4.993068560845177,0.7482024186939525,-0.0013354470219510315,0.0014701710190656565,0.0014064726540376237,0.0,0.0,0.0,0.0
15.390851497650146,-0.11876377,-0.13826142,-4.725243,-0.001078882745114038,nan,nan,nan,nan,nan,5.389798641204834,6.589798641204834,0.0004305839538574219,0.0,0.030343019495709268,0.0,-5.060457553494385,0.7502702219803445,-0.006253769147346083,0.006420771654074609,0.0009934549904810686,0.0,0.0,0.0,0.0
15.490728616714478,-0.11604426,-0.119328514,-4.7098455,-0.0011541658305751447,nan,nan,nan,nan,nan,5.489685773849487,6.6896857738494875,0.0008356571197509766,0.0,0.06381651147908633,0.0,-5.125493492361158,0.7517090954347262,-0.011460861007009954,0.010189038547973936,0.0008711769885821625,0.0,0.0,0.0,0.0
15.590802669525146,-0.11839279,-0.09787965,-4.695274,-0.0009922231045582444,nan,nan,nan,nan,nan,5.5897581577301025,6.789758157730103,0.0005047321319580078,0.0,0.0967557433723109,0.0,-5.185970294928879,0.7524846540993093,-0.014410771093540466,0.010733874589296677,0.0008715209625842237,0.0,0.0,0.0,0.0
15.6909818649292,-0.118834905,-0.0787583,-4.686734,-0.0006269844006741168,nan,nan,nan,nan,nan,5.689913988113403,6.8899139881134035,0.0004968643188476562,0.0,0.12881653649606084,0.0,-5.239549057784677,0.7524220749021842,-0.015373187339601508,0.00927734765684244,0.0005830164397743721,0.0,0.0,0.0,0.0
15.790772438049316,-0.117757395,-0.059608355,-4.6851387,-0.0004947866634701118,nan,nan,nan,nan,nan,5.789771318435669,6.989771318435669,0.0005686283111572266,0.0,0.15958098056281694,0.0,-5.284056576090576,0.7514709268718736,-0.014342129519365376,0.007960609861590848,0.00044809756180812666,0.0,0.0,0.0,0.0
15.890833377838135,-0.11644653,-0.044411574,-4.6898212,-0.0003699377171333079,nan,nan,nan,nan,nan,5.889777421951294,7.089777421951294,0.0009493827819824219,0.0,0.1889020802709548,0.0,-5.318052334850382,0.7497996077980856,-0.010164184330393063,0.007149259020303421,0.0003315345097235787,0.0,0.0,0.0,0.0
15.99095606803894,-0.11726629,-0.026908064,-4.692731,-0.0015706251467242248,nan,nan,nan,nan,nan,5.989892959594727,7.189892959594727,0.0005595684051513672,0.0,0.21648833028037845,0.0,-5.340213497535866,0.7477198738036573,-0.0054440973573691735,0.00580161109602282,0.001043903594923775,0.0,0.0,0.0,0.0
16.090996026992798,-0.12365103,-0.009588707,-4.703816,-0.0025065611653222195,nan,nan,nan,nan,nan,6.089927434921265,7.289927434921265,0.0004589557647705078,0.0,0.24202880685824163,0.0,-5.349666785441484,0.744947336839287,-0.0024055110054628935,0.0027067430734980546,0.0019149325827419422,0.0,0.0,0.0,0.0
16.190836191177368,-0.12484453,0.013569394,-4.7184587,-0.003385709953512533,nan,nan,nan,nan,nan,6.189781665802002,7.389781665802002,0.0008571147918701172,0.0,0.2652681907832195,0.0,-5.3461007958104965,0.7412869611833021,-0.0031772964415902796,-0.00012475234477926297,0.0025713838980119027,0.0,0.0,0.0,0.0
16.290742874145508,-0.12262365,0.03770179,-4.734102,-0.004320199334218872,nan,nan,nan,nan,nan,6.289696455001831,7.489696455001831,0.0004913806915283203,0.0,0.28604985345109246,0.0,-5.329662867094117,0.7374241808079158,-0.007351378229738508,0.0005262835699352452,0.003462996329551986,0.0,0.0,0.0,0.0
16.39080548286438,-0.11922683,0.06502372,-4.751848,-0.004840833757186645,nan,nan,nan,nan,nan,6.389743089675903,7.5897430896759035,0.00048613548278808594,0.0,0.30418735782750095,0.0,-5.300917091392589,0.7334379451421763,-0.012874948804508847,0.001986858093976432,0.003973128107236817,0.0,0.0,0.0,0.0
16.490692138671875,-0.1158824,0.089333855,-4.7689934,-0.004511902449578302,nan,nan,nan,nan,nan,6.48962140083313,7.68962140083313,0.0009932518005371094,0.0,0.3194588378272555,0.0,-5.261024683522717,0.7293363853424334,-0.017982857631700117,0.0033056298705550326,0.003941576077363449,0.0,0.0,0.0,0.0
16.590716123580933,-0.114233166,0.113102935,-4.7864294,-0.0031786274894377315,nan,nan,nan,nan,nan,6.589644193649292,7.789644193649292,0.00041747093200683594,0.0,0.331770439064526,0.0,-5.211352226127681,0.725140029469553,-0.02160682550194084,0.0033282228630771202,0.0031206156778033015,0.0,0.0,0.0,0.0
16.69084644317627,-0.11827149,0.14006072,-4.8068147,0.0002800990066967122,nan,nan,nan,nan,nan,6.689849853515625,7.889849853515625,0.0005326271057128906,0.0,0.3409969256187713,0.0,-5.153690099386663,0.7209894580237395,-0.025091171400136673,0.00044695620922441365,0.0008627935063377987,0.0,0.0,0.0,0.0
16.790726900100708,-0.12224556,0.16881028,-4.825355,0.0045399595407824,nan,nan,nan,nan,nan,6.789677858352661,7.989677858352661,0.0007483959197998047,0.0,0.34700987428750546,0.0,-5.090524883249303,0.7171272913103082,-0.028444120939162234,-0.0048365375741234945,-0.002731117910481467,0.0,0.0,0.0,0.0
16.890727996826172,-0.12266965,0.1939959,-4.8394547,0.0072514486668629145,nan,nan,nan,nan,nan,6.889669179916382,8.089669179916381,0.0007817745208740234,0.0,0.3497959031530788,0.0,-5.023888039884347,0.714028495364408,-0.031993751647274346,-0.006540580584139058,-0.00575904059065217,0.0,0.0,0.0,0.0
16.990778923034668,-0.1293199,0.21901233,-4.8466277,0.010488821667330558,nan,nan,nan,nan,nan,6.989805459976196,8.189805459976196,0.0005691051483154297,0.0,0.3493134815089013,0.0,-4.95626396901376,0.7117137201088709,-0.03150364509363366,-0.008647822658002539,-0.008278244462348762,0.0,0.0,0.0,0.0
17.091408491134644,-0.13077357,0.24423574,-4.849711,0.012748340474327944,nan,nan,nan,nan,nan,7.090404510498047,8.290404510498046,0.0005922317504882812,0.0,0.34553583352179834,0.0,-4.889976618332731,0.7101271977993284,-0.031615218351235416,-0.009503595638059805,-0.010504735433698094,0.0,0.0,0.0,0.0
17.190873861312866,-0.13571371,0.2692548,-4.850806,0.014660241794473394,nan,nan,nan,nan,nan,7.18978476524353,8.38978476524353,0.0005331039428710938,0.0,0.33859790078596363,0.0,-4.828556324954458,0.708917744791965,-0.032203741363487706,-0.00914602386286108,-0.012065250826752609,0.0,0.0,0.0,0.0
17.29090189933777,-0.14324404,0.28808776,-4.8508687,0.015936101084767042,nan,nan,nan,nan,nan,7.289850234985352,8.48985023498535,0.0004489421844482422,0.0,0.32845760059830686,0.0,-4.773092077181356,0.7087150578543379,-0.0304420032279268,-0.009972343909351127,-0.013472333130869703,0.0,0.0,0.0,0.0
17.39071226119995,-0.15620597,0.30572712,-4.84949,0.017831011425872585,nan,nan,nan,nan,nan,7.389620542526245,8.589620542526244,0.0004248619079589844,0.0,0.31528993651558646,0.0,-4.726217779522672,0.7090783026681406,-0.0272767785527911,-0.013308167632466757,-0.015198765207256815,0.0,0.0,0.0,0.0
17.49073028564453,-0.17380686,0.32939884,-4.8336644,0.01981578410082639,nan,nan,nan,nan,nan,7.489641427993774,8.689641427993774,0.00067901611328125,0.0,0.2991479929231053,0.0,-4.689419665479041,0.7107174021940974,-0.026486678803797115,-0.01676346436972534,-0.017018653266465948,0.0,0.0,0.0,0.0
17.590725421905518,-0.1877074,0.35019398,-4.8135524,0.020925554709615723,nan,nan,nan,nan,nan,7.5896382331848145,8.789638233184814,0.0005197525024414062,0.0,0.28021670074403726,0.0,-4.664203109805258,0.7130975509571643,-0.02571944465271098,-0.018274109165386986,-0.01825978104722345,0.0,0.0,0.0,0.0
17.690850257873535,-0.19693518,0.3679497,-4.791254,0.02102383765427372,nan,nan,nan,nan,nan,7.689785957336426,8.889785957336425,0.0004227161407470703,0.0,0.25863486889570647,0.0,-4.651488043115165,0.7160336149369432,-0.024082471734736335,-0.016643963568132414,-0.018602015094865667,0.0,0.0,0.0,0.0
17.79066300392151,-0.20240985,0.38249308,-4.7665257,0.01992616276832755,nan,nan,nan,nan,nan,7.7895731925964355,8.989573192596435,0.0004189014434814453,0.0,0.23472158351429667,0.0,-4.651772118039419,0.7195401870830728,-0.02068801001755333,-0.01175053326785422,-0.017798049817675136,0.0,0.0,0.0,0.0
17.890689373016357,-0.20330805,0.389233,-4.745006,0.017827089863296796,nan,nan,nan,nan,nan,7.88958740234375,9.08958740234375,0.00044274330139160156,0.0,0.2085644114872484,0.0,-4.665020571477806,0.7231090172264222,-0.014735065062718584,-0.0045431239631894,-0.015897202239527813,0.0,0.0,0.0,0.0
17.990634202957153,-0.20046197,0.3973784,-4.7166734,0.015417382674903229,nan,nan,nan,nan,nan,7.989534378051758,9.189534378051757,0.0004482269287109375,0.0,0.18047886664635798,0.0,-4.690732507234838,0.7270773477432303,-0.00941377401873175,0.003410738154930465,-0.013582827324657818,0.0,0.0,0.0,0.0
18.090752601623535,-0.20228362,0.40332463,-4.6917214,0.013779936210194563,nan,nan,nan,nan,nan,8.08965516090393,9.28965516090393,0.0004203319549560547,0.0,0.15065694971451704,0.0,-4.72802950245397,0.7310232850562033,-0.00597832407019279,0.008775753265134916,-0.011652758928309774,0.0,0.0,0.0,0.0
18.190977334976196,-0.20272681,0.4066987,-4.6664166,0.013001059061387052,nan,nan,nan,nan,nan,8.189929962158203,9.389929962158202,0.0004801750183105469,0.0,0.11937600966774357,0.0,-4.775564426558978,0.7347205321108905,-0.004736482413116842,0.011380799559777346,-0.010702950222079032,0.0,0.0,0.0,0.0
18.290594816207886,-0.20032084,0.40675378,-4.6459165,0.012451870601842083,nan,nan,nan,nan,nan,8.28950047492981,9.489500474929809,0.0003905296325683594,0.0,0.08720514284612303,0.0,-4.831090097573206,0.7383172168288017,-0.0028358978822237415,0.013627541889791654,-0.010157155042387346,0.0,0.0,0.0,0.0
18.390734910964966,-0.19458981,0.40401834,-4.628936,0.01185782413362542,nan,nan,nan,nan,nan,8.389669179916382,9.589669179916381,0.00040531158447265625,0.0,0.054027089736125467,0.0,-4.89324093796462,0.7416270167421162,-0.001249905261674299,0.01624815381199206,-0.009564284400576396,0.0,0.0,0.0,0.0
18.49072241783142,-0.19556284,0.39670253,-4.610492,0.010532932836129888,nan,nan,nan,nan,nan,8.489643096923828,9.689643096923827,0.0005023479461669922,0.0,0.020408688065678873,0.0,-4.9592520749175995,0.7444815269418879,0.002029019001465677,0.0157871340990133,-0.00865058800134274,0.0,0.0,0.0,0.0
18.59074568748474,-0.1975624,0.3890158,-4.598038,0.00913646926461985,nan,nan,nan,nan,nan,8.589649677276611,9.78964967727661,0.0005288124084472656,0.0,-0.013411207443409472,0.0,-5.026802716663678,0.7467491357691327,0.004344453865524636,0.01283108985966855,-0.007626253969560365,0.0,0.0,0.0,0.0
18.690788507461548,-0.19732724,0.3808693,-4.590383,0.007647340736822586,nan,nan,nan,nan,nan,8.689692497253418,9.889692497253417,0.00042891502380371094,0.0,-0.04711801885666705,0.0,-5.09337819789516,0.7483215734351496,0.004666161616445568,0.008985333460905395,-0.006482692094008992,0.0,0.0,0.0,0.0
18.790799617767334,-0.19382358,0.3724045,-4.5890408,0.006767759552336045,nan,nan,nan,nan,nan,8.789811372756958,9.989811372756957,0.000415802001953125,0.0,-0.08040956893740069,0.0,-5.156517492219235,0.7490562752904752,0.0033627794141419974,0.007097962513760628,-0.00575659323831309,0.0,0.0,0.0,0.0
18.89107370376587,-0.18862,0.36072457,-4.5894017,0.00502404075574635,nan,nan,nan,nan,nan,8.890032291412354,10.090032291412353,0.0006132125854492188,0.0,-0.11298124806507888,0.0,-5.213865816124333,0.7493667640690852,0.0025833100340649576,0.006290293866616291,-0.004552844587026995,0.0,0.0,0.0,0.0
18.990684986114502,-0.17875327,0.34215623,-4.5924034,0.0033396543879279424,nan,nan,nan,nan,nan,8.989582061767578,10.189582061767577,0.0003712177276611328,0.0,-0.1442865458452639,0.0,-5.262910863163074,0.7488452919580512,0.005666653417892233,0.0070200835618767264,-0.0030475017314529913,0.0,0.0,0.0,0.0
19.090651035308838,-0.16630223,0.317806,-4.602221,0.002304443340402562,nan,nan,nan,nan,nan,9.089555025100708,10.289555025100707,0.0004055500030517578,0.0,-0.17438092834602545,0.0,-5.302391945595546,0.747610718394376,0.010175191581420266,0.009289100935404917,-0.001929037948385768,0.0,0.0,0.0,0.0
19.190616607666016,-0.15605897,0.29155046,-4.614531,0.0018086170221289638,nan,nan,nan,nan,nan,9.18951416015625,10.38951416015625,0.0003657341003417969,0.0,-0.20284423008108288,0.0,-5.330608981970097,0.7454446143004779,0.015717675576260068,0.011400483300590132,-0.0014081778097341676,0.0,0.0,0.0,0.0
19.290706634521484,-0.14651772,0.25996757,-4.6301236,0.0012151426609777888,nan,nan,nan,nan,nan,9.289604663848877,10.489604663848876,0.0004012584686279297,0.0,-0.22944874039723234,0.0,-5.346530142407302,0.7431477903148574,0.019701150165241082,0.011179461834149513,-0.0009702037405592827,0.0,0.0,0.0,0.0
19.390615463256836,-0.13595168,0.23230253,-4.6442285,0.00141732396805834,nan,nan,nan,nan,nan,9.389513731002808,10.589513731002807,0.00035309791564941406,0.0,-0.25386481974526226,0.0,-5.3495227988384135,0.7402015339640774,0.023205134052893723,0.01154229190348186,-0.0010006398930166524,0.0,0.0,0.0,0.0
19.49082612991333,-0.12788552,0.19500656,-4.666226,0.000691868115955464,nan,nan,nan,nan,nan,9.489730834960938,10.689730834960937,0.00034046173095703125,0.0,-0.2759790446248817,0.0,-5.3394652306388695,0.7368385413598106,0.02545205289197043,0.009900294214569961,-0.0007683190038170256,0.0,0.0,0.0,0.0
19.590707540512085,-0.12378133,0.16641748,-4.682543,-0.0001500958910390874,nan,nan,nan,nan,nan,9.589611291885376,10.789611291885375,0.00034308433532714844,0.0,-0.2954442865845663,0.0,-5.316801367241439,0.7330895676734566,0.026853732650976934,0.005802259531819983,-6.052805887093139e-05,0.0,0.0,0.0,0.0
19.690709590911865,-0.115514345,0.12735921,-4.703302,-0.0011819703717507492,nan,nan,nan,nan,nan,9.689623594284058,10.889623594284057,0.0003418922424316406,0.0,-0.31217780284265917,0.0,-5.282308956859588,0.7293483663190272,0.027708230491751203,0.002027406903473706,0.0006535584945353705,0.0,0.0,0.0,0.0
19.79072141647339,-0.106014386,0.09348476,-4.722964,-0.0018146184389068887,nan,nan,nan,nan,nan,9.78962254524231,10.989622545242309,0.0003561973571777344,0.0,-0.3259942383645758,0.0,-5.23730184653224,0.7254105124393324,0.0321404203804018,0.0016897793036210658,0.0013686677558423506,0.0,0.0,0.0,0.0
19.89076018333435,-0.09256166,0.053808562,-4.744441,-0.0018583625623635565,nan,nan,nan,nan,nan,9.889676094055176,11.089676094055175,0.00034737586975097656,0.0,-0.33677204810538397,0.0,-5.183421651021475,0.7215466657614139,0.036981169908852564,0.0038401645243400615,0.0015408507775817413,0.0,0.0,0.0,0.0
19.99076247215271,-0.08305126,0.01202667,-4.767438,-0.0022932223785717583,nan,nan,nan,nan,nan,9.989673852920532,11.189673852920532,0.0003514289855957031,0.0,-0.34439877935183527,0.0,-5.12273526644829,0.71768274778728,0.04054087942240203,0.004900761853525815,0.0016873257173372319,0.0,0.0,0.0,0.0
20.090797185897827,-0.078563526,-0.022167232,-4.7829967,-0.0027803955555170535,nan,nan,nan,nan,nan,10.089714765548706,11.289714765548705,0.0003418922424316406,0.0,-0.34881129857696347,0.0,-5.057447197336037,0.7143566670352394,0.040420650683563195,0.003158916628894881,0.002197359247274252,0.0,0.0,0.0,0.0
20.190974473953247,-0.079087496,-0.055202298,-4.7958083,-0.003305275834980812,nan,nan,nan,nan,nan,10.1898832321167,11.389883232116699,0.0003445148468017578,0.0,-0.34996377919557764,0.0,-4.9899306397610665,0.7117916566064727,0.03656729952337249,-0.0006273437471796723,0.002534457696992883,0.0,0.0,0.0,0.0
20.29062533378601,-0.08536875,-0.08311017,-4.805862,-0.004796492812302166,nan,nan,nan,nan,nan,10.289528131484985,11.489528131484985,0.00035071372985839844,0.0,-0.3478573471682581,0.0,-4.9231361092486745,0.7099651901176547,0.031034862397606226,-0.00829489095427017,0.0038746338916862215,0.0,0.0,0.0,0.0
20.390788316726685,-0.09692979,-0.112819344,-4.8170877,-0.00734627391596059,nan,nan,nan,nan,nan,10.389700651168823,11.589700651168823,0.0004355907440185547,0.0,-0.3424893350102364,0.0,-4.8588584951248,0.7084895086174962,0.02660452685518588,-0.017002524040577515,0.005993592887759929,0.0,0.0,0.0,0.0
20.491215467453003,-0.11108894,-0.1420161,-4.823625,-0.009743949738681344,nan,nan,nan,nan,nan,10.490112543106079,11.690112543106078,0.0003943443298339844,0.0,-0.33388827815317546,0.0,-4.79972502711277,0.7076653034834551,0.023544543398369748,-0.024294250041849257,0.008219902480263655,0.0,0.0,0.0,0.0
20.590749502182007,-0.12205272,-0.1656837,-4.8293786,-0.011246822379495414,nan,nan,nan,nan,nan,10.589671611785889,11.789671611785888,0.0003314018249511719,0.0,-0.322256775055882,0.0,-4.748516165621355,0.7074314848162393,0.021151849794945873,-0.028383955208327795,0.009851796952310072,0.0,0.0,0.0,0.0
20.69124126434326,-0.13187954,-0.18610065,-4.8333144,-0.01202958157995111,nan,nan,nan,nan,nan,10.690154552459717,11.890154552459716,0.0003407001495361328,0.0,-0.30749372783831735,0.0,-4.706254968639476,0.7077482477376266,0.01770061139259542,-0.028493150236205512,0.010777495406563791,0.0,0.0,0.0,0.0
20.790612936019897,-0.14219071,-0.20525216,-4.8350863,-0.01215463153261572,nan,nan,nan,nan,nan,10.78950810432434,11.98950810432434,0.0003695487976074219,0.0,-0.2900459495852788,0.0,-4.675328926089227,0.7090283717128976,0.014234039878722663,-0.026237992652302748,0.010986133208065595,0.0,0.0,0.0,0.0
20.890751361846924,-0.14981216,-0.2189346,-4.8363485,-0.011868637707921865,nan,nan,nan,nan,nan,10.889658689498901,12.0896586894989,0.0003445148468017578,0.0,-0.2697532261899486,0.0,-4.656242812427358,0.7105942296252842,0.011952926230459562,-0.021675346289982494,0.010721186599551185,0.0,0.0,0.0,0.0
20.99110722541809,-0.15482996,-0.2318794,-4.8310833,-0.01109449581764407,nan,nan,nan,nan,nan,10.99000859260559,12.19000859260559,0.0003337860107421875,0.0,-0.24688651034106263,0.0,-4.650004116143317,0.7130219768413706,0.010162401086125523,-0.01509140085382559,0.01001242687241819,0.0,0.0,0.0,0.0
21.090776443481445,-0.15879822,-0.24155667,-4.8221536,-0.010052839766623141,nan,nan,nan,nan,nan,11.089688062667847,12.289688062667846,0.0003459453582763672,0.0,-0.22187400606713198,0.0,-4.656807982162464,0.7159970588438618,0.009695228654850509,-0.008297866537152069,0.009009236747671295,0.0,0.0,0.0,0.0
21.19084906578064,-0.16286387,-0.24923632,-4.8081927,-0.008658464776757406,nan,nan,nan,nan,nan,11.18990421295166,12.38990421295166,0.0003457069396972656,0.0,-0.19465229697069453,0.0,-4.6764558348547185,0.7195345009774495,0.007711896189704264,-0.0021655147768223915,0.007762347418475663,0.0,0.0,0.0,0.0
21.2907497882843,-0.16705687,-0.25612664,-4.7882476,-0.007574856044999535,nan,nan,nan,nan,nan,11.2896568775177,12.4896568775177,0.0003750324249267578,0.0,-0.16574344134699234,0.0,-4.70803779299055,0.72397390296293,0.00677047615017871,0.002394664885543047,0.006621038077775302,0.0,0.0,0.0,0.0
21.390727758407593,-0.1683402,-0.26077256,-4.7627077,-0.00739728514185431,nan,nan,nan,nan,nan,11.38963508605957,12.58963508605957,0.0003523826599121094,0.0,-0.13522434473903366,0.0,-4.7505516391917535,0.7283961629124291,0.006435610874408089,0.006784577479442529,0.006046431684660799,0.0,0.0,0.0,0.0
21.490824699401855,-0.16949187,-0.26518792,-4.7381434,-0.007729026906152977,nan,nan,nan,nan,nan,11.48976731300354,12.68976731300354,0.0003581047058105469,0.0,-0.1033934630053369,0.0,-4.802441849234057,0.7327838366844505,0.0063784464459293744,0.010884546038862259,0.006163107699431206,0.0,0.0,0.0,0.0
21.59076714515686,-0.16681936,-0.26574558,-4.714089,-0.007624432800630335,nan,nan,nan,nan,nan,11.589668989181519,12.789668989181518,0.0003361701965332031,0.0,-0.07067106805049023,0.0,-4.861569149030052,0.7368185065636421,0.006762083680290265,0.013596930937367241,0.00618178977147097,0.0,0.0,0.0,0.0
21.690634965896606,-0.16097414,-0.26229045,-4.692987,-0.0068577490926493515,nan,nan,nan,nan,nan,11.689536094665527,12.889536094665527,0.00033736228942871094,0.0,-0.037301761830096675,0.0,-4.925821379997968,0.740442865162373,0.004620891012017272,0.01691324481019005,0.005617488693769955,0.0,0.0,0.0,0.0
21.790658712387085,-0.15422809,-0.25715292,-4.6713786,-0.0055484569932260815,nan,nan,nan,nan,nan,11.789567470550537,12.989567470550536,0.0003814697265625,0.0,-0.0035295294847717965,0.0,-4.9929412999733795,0.7438436714654364,0.003372414695358244,0.01891493053859267,0.004635479238998941,0.0,0.0,0.0,0.0
21.89064383506775,-0.14912498,-0.24396643,-4.6462574,-0.004556392716909129,nan,nan,nan,nan,nan,11.889541625976562,13.089541625976562,0.0003943443298339844,0.0,0.03025639117821661,0.0,-5.060286250673985,0.7468656179249015,-0.0016297492004289406,0.01914969253581738,0.003659191690640098,0.0,0.0,0.0,0.0
21.99098014831543,-0.14287817,-0.22664914,-4.629386,-0.00419564899353774,nan,nan,nan,nan,nan,11.989935636520386,13.189935636520385,0.0003619194030761719,0.0,0.06389962742538811,0.0,-5.125651305927195,0.748968140784321,-0.006569939010737811,0.018242997927185825,0.003222171923025688,0.0,0.0,0.0,0.0
22.0908203125,-0.14151105,-0.2080899,-4.621033,-0.004136330479935361,nan,nan,nan,nan,nan,12.089758157730103,13.289758157730102,0.0003437995910644531,0.0,0.0967557433723108,0.0,-5.185970294928879,0.7499473569381847,-0.010581532183041493,0.016023637487236803,0.003319779789038295,0.0,0.0,0.0,0.0
22.190770387649536,-0.1432663,-0.1778697,-4.6150994,-0.003148649183661774,nan,nan,nan,nan,nan,12.189677715301514,13.389677715301513,0.0003514289855957031,0.0,0.1287422070688456,0.0,-5.23943247134678,0.750208558045054,-0.017150762951937643,0.010539641087203516,0.0028921113398595317,0.0,0.0,0.0,0.0
22.290947198867798,-0.14298107,-0.15247673,-4.6145573,-0.002666503827220265,nan,nan,nan,nan,nan,12.28985071182251,13.489850711822509,0.00041675567626953125,0.0,0.159604886406204,0.0,-5.284087958355411,0.7498191984079694,-0.02272624835835643,0.006095529930918241,0.002350687998491196,0.0,0.0,0.0,0.0
22.390859127044678,-0.14196612,-0.12131979,-4.624832,-0.0017542171188760095,nan,nan,nan,nan,nan,12.389764070510864,13.589764070510864,0.0003509521484375,0.0,0.1888982775336331,0.0,-5.318048563806056,0.7481403158455381,-0.02761232369100679,0.002710405199682025,0.0017476053560958663,0.0,0.0,0.0,0.0
22.490824699401855,-0.14103729,-0.08687538,-4.645786,0.0010009779092099574,nan,nan,nan,nan,nan,12.489741563796997,13.689741563796996,0.00036716461181640625,0.0,0.21644808078466565,0.0,-5.340189427384857,0.7453342697417666,-0.03063571597317723,-0.0005051928612263099,0.0001580010323240903,0.0,0.0,0.0,0.0
22.590797185897827,-0.14196354,-0.054355454,-4.6698074,0.004494573276802687,nan,nan,nan,nan,nan,12.589726209640503,13.789726209640502,0.00037741661071777344,0.0,0.24197962387669406,0.0,-5.349660818979112,0.7417515731678117,-0.031589990923973674,-0.004080987736143368,-0.002936337894027654,0.0,0.0,0.0,0.0
22.690788745880127,-0.14583565,-0.019014811,-4.6964746,0.007803323777342042,nan,nan,nan,nan,nan,12.689765453338623,13.889765453338622,0.00042557716369628906,0.0,0.2652646124980813,0.0,-5.346102428578018,0.7379868801305597,-0.031970515042709445,-0.008173278196897945,-0.005835231382287564,0.0,0.0,0.0,0.0
22.790767431259155,-0.1490756,0.010241665,-4.7268233,0.010931027193193322,nan,nan,nan,nan,nan,12.789721488952637,13.989721488952636,0.00040078163146972656,0.0,0.286054733844183,0.0,-5.329657176638975,0.7338289150051802,-0.027555645700192408,-0.01141739779030897,-0.008627401338642099,0.0,0.0,0.0,0.0
22.890716791152954,-0.15675917,0.041883614,-4.756253,0.013717777386143305,nan,nan,nan,nan,nan,12.88961935043335,14.089619350433349,0.0003502368927001953,0.0,0.304166648626522,0.0,-5.300959842215326,0.7294389354030695,-0.024337909508975714,-0.014811492870668673,-0.011110650082008244,0.0,0.0,0.0,0.0
22.99092125892639,-0.15995339,0.0766232,-4.7879043,0.015492357528780604,nan,nan,nan,nan,nan,12.989896535873413,14.189896535873412,0.0003504753112792969,0.0,0.3194968557238322,0.0,-5.260900622366426,0.725029527810882,-0.02292385104316606,-0.016564450273967603,-0.012986650939942761,0.0,0.0,0.0,0.0
23.090902090072632,-0.16210574,0.10838694,-4.818055,0.015508435653515599,nan,nan,nan,nan,nan,13.089902877807617,14.289902877807616,0.0003476142883300781,0.0,0.33179830553120065,0.0,-5.211212678402146,0.7206977728229297,-0.02280864535173224,-0.01428722191465823,-0.013572637930781069,0.0,0.0,0.0,0.0
23.190885066986084,-0.1650357,0.13926636,-4.850021,0.01415086779128683,nan,nan,nan,nan,nan,13.189810991287231,14.38981099128723,0.00035953521728515625,0.0,0.3409939624052043,0.0,-5.153713724235675,0.7163847949957686,-0.023244289975664734,-0.011871215485608592,-0.012674243851366616,0.0,0.0,0.0,0.0
23.290647506713867,-0.16353105,0.16965462,-4.870566,0.011553906468168987,nan,nan,nan,nan,nan,13.289558410644531,14.48955841064453,0.00048041343688964844,0.0,0.3470046007861879,0.0,-5.0906029550108345,0.7129707159537652,-0.023855681709430126,-0.007182066989579246,-0.010604996312033448,0.0,0.0,0.0,0.0
23.390836477279663,-0.16307048,0.19356434,-4.8950505,0.009351047051840818,nan,nan,nan,nan,nan,13.38974404335022,14.589744043350219,0.00036597251892089844,0.0,0.3497967670857865,0.0,-5.023837501360902,0.7097261378517125,-0.02227060356422427,-0.0028652273441637454,-0.00853529652787738,0.0,0.0,0.0,0.0
23.491090059280396,-0.16459925,0.21685196,-4.918321,0.00811992320354303,nan,nan,nan,nan,nan,13.49002742767334,14.69002742767334,0.00034236907958984375,0.0,0.3493087721639103,0.0,-4.956114955702016,0.7069936842717452,-0.01836782964299493,-4.3653637032985055e-05,-0.007056031375078351,0.0,0.0,0.0,0.0
23.590750455856323,-0.16747998,0.23705368,-4.935021,0.007896744924341881,nan,nan,nan,nan,nan,13.589657545089722,14.789657545089721,0.00034880638122558594,0.0,0.3455759777909182,0.0,-4.890456545230944,0.7050117721984995,-0.015390113906760585,0.00032879979829982664,-0.006689774109181751,0.0,0.0,0.0,0.0
23.690785884857178,-0.17115551,0.25710303,-4.945932,0.007855639132114473,nan,nan,nan,nan,nan,13.689718246459961,14.88971824645996,0.0003533363342285156,0.0,0.3386035976087117,0.0,-4.8285955666547,0.7040555669329012,-0.013727719156965282,-0.00013897011080881062,-0.006675837737636748,0.0,0.0,0.0,0.0
23.790976524353027,-0.17739536,0.27389792,-4.954582,0.007893109456559697,nan,nan,nan,nan,nan,13.789883136749268,14.989883136749267,0.0003459453582763672,0.0,0.3284537554521771,0.0,-4.773075127082735,0.703923680647248,-0.01169847206477987,-0.0018383352614362205,-0.006732873111128208,0.0,0.0,0.0,0.0
23.890769481658936,-0.18398607,0.2905147,-4.951725,0.007748433697830157,nan,nan,nan,nan,nan,13.889683485031128,15.089683485031127,0.00040459632873535156,0.0,0.3152806901486111,0.0,-4.726191248622165,0.7046250382873076,-0.01200156115653625,-0.0034344932028271867,-0.006720258196756403,0.0,0.0,0.0,0.0
23.990764141082764,-0.18725505,0.3039267,-4.9450974,0.007188070410557157,nan,nan,nan,nan,nan,13.989668130874634,15.189668130874633,0.00034689903259277344,0.0,0.29914330306430964,0.0,-4.689411335338347,0.7063616073004831,-0.012715386072730107,-0.0038831883115515793,-0.006393700917129966,0.0,0.0,0.0,0.0
24.090760707855225,-0.18885435,0.31560948,-4.933701,0.00627378020178169,nan,nan,nan,nan,nan,14.089668273925781,15.28966827392578,0.00034236907958984375,0.0,0.2802106108984505,0.0,-4.6641973784976996,0.708869842274067,-0.010614781618257704,-0.0018181460935934232,-0.0055870361093613916,0.0,0.0,0.0,0.0
24.190688848495483,-0.19119546,0.32626483,-4.9214973,0.005596000766410942,nan,nan,nan,nan,nan,14.189670085906982,15.389670085906982,0.00033783912658691406,0.0,0.25866127989627935,0.0,-4.651495274026994,0.711770191660559,-0.010448153610797395,-0.0006566569180623951,-0.004933937033226145,0.0,0.0,0.0,0.0
24.29063367843628,-0.20029816,0.34501174,-4.892631,0.00534403187438467,nan,nan,nan,nan,nan,14.289533138275146,15.489533138275146,0.0003402233123779297,0.0,0.23473163561547253,0.0,-4.651769395185729,0.7156886661675516,-0.014444308572552801,-0.001967628777156265,-0.0046500348613485775,0.0,0.0,0.0,0.0
24.390687227249146,-0.20396234,0.35617572,-4.8636923,0.00512573260501511,nan,nan,nan,nan,nan,14.389596939086914,15.589596939086913,0.0003581047058105469,0.0,0.20856182038789772,0.0,-4.665022441693978,0.7202001613678238,-0.017248785972722294,-0.0028086807295138023,-0.004504479911158194,0.0,0.0,0.0,0.0
24.4906005859375,-0.21141818,0.3669017,-4.8255177,0.004957181698912828,nan,nan,nan,nan,nan,14.489492654800415,15.689492654800414,0.00035834312438964844,0.0,0.1804909610748737,0.0,-4.69071928992729,0.7248833897384267,-0.01757025522183429,-0.0022323186917032785,-0.0042969109288148784,0.0,0.0,0.0,0.0
24.591617584228516,-0.21905473,0.37291715,-4.7964296,0.004968019782195432,nan,nan,nan,nan,nan,14.590542793273926,15.790542793273925,0.0003666877746582031,0.0,0.1503858312424672,0.0,-4.728407948114186,0.7296633956795865,-0.016531936366166063,-0.003987411947781277,-0.00436023860331778,0.0,0.0,0.0,0.0
24.69094157218933,-0.22669025,0.37621275,-4.752989,0.004979399551506385,nan,nan,nan,nan,nan,14.689852714538574,15.889852714538574,0.0003421306610107422,0.0,0.11940057702373984,0.0,-4.775524320639041,0.7342916456391808,-0.01545693310504864,-0.00456036334361584,-0.004435851123446326,0.0,0.0,0.0,0.0
24.7907817363739,-0.23091297,0.37576196,-4.7100897,0.00470550200028678,nan,nan,nan,nan,nan,14.789686679840088,15.989686679840087,0.0003399848937988281,0.0,0.08714413035521885,0.0,-4.831200460708193,0.7394306709348575,-0.01073346799250006,-0.00378409912763697,-0.00421094274759988,0.0,0.0,0.0,0.0
24.890824556350708,-0.23213355,0.3675959,-4.6685357,0.004243172920124796,nan,nan,nan,nan,nan,14.889838933944702,16.0898389339447,0.000392913818359375,0.0,0.05397034528627202,0.0,-4.893350333937301,0.7439050253199981,-0.004972109130894889,-0.0017393197918396932,-0.0037857853712693,0.0,0.0,0.0,0.0
24.991161584854126,-0.23070039,0.35394418,-4.6327443,0.0033842278551758573,nan,nan,nan,nan,nan,14.990282773971558,16.190282773971557,0.0007033348083496094,0.0,0.020192633447073387,0.0,-4.959682000505055,0.7475090097730058,0.0034059127295046317,0.0012503544961630204,-0.003050992843626037,0.0,0.0,0.0,0.0
25.090853929519653,-0.22544223,0.33973062,-4.608151,0.0026170015628262135,nan,nan,nan,nan,nan,15.089778184890747,16.289778184890746,0.00034737586975097656,0.0,-0.013454652795450352,0.0,-5.026889415263445,0.7500856530444044,0.009945146674442372,0.004748156402632743,-0.0022403028061766836,0.0,0.0,0.0,0.0
25.19129204750061,-0.21001239,0.3243711,-4.587698,0.0023202095001257778,nan,nan,nan,nan,nan,15.190450668334961,16.39045066833496,0.00034427642822265625,0.0,-0.04737217966427546,0.0,-5.093872519269388,0.7518821183854522,0.013008762781546224,0.011884116923507382,-0.0016986956480309527,0.0,0.0,0.0,0.0
25.290642261505127,-0.19078992,0.3066044,-4.5704756,0.002323944488317563,nan,nan,nan,nan,nan,15.289546012878418,16.489546012878417,0.00038123130798339844,0.0,-0.08032218972810386,0.0,-5.156356870038014,0.7528938989673186,0.015261509073648415,0.019823066290593862,-0.0014962327567167929,0.0,0.0,0.0,0.0
25.39074420928955,-0.17573404,0.2861248,-4.5607758,0.002076072295825508,nan,nan,nan,nan,nan,15.389652252197266,16.589652252197265,0.0003514289855957031,0.0,-0.11285954677700054,0.0,-5.2136621965632965,0.7529996614298171,0.016778593459675896,0.02483350932231932,-0.0013191247309782246,0.0,0.0,0.0,0.0
25.49134111404419,-0.16269118,0.26613367,-4.557946,0.0018030596895501922,nan,nan,nan,nan,nan,15.490236043930054,16.690236043930053,0.00034499168395996094,0.0,-0.14448809965428025,0.0,-5.263202760686668,0.7522935951868914,0.016747470069249426,0.0247897101619079,-0.0010883472800031697,0.0,0.0,0.0,0.0
25.59090232849121,-0.14603135,0.24244529,-4.5609345,0.0019929066389852666,nan,nan,nan,nan,nan,15.589845657348633,16.789845657348632,0.00034737586975097656,0.0,-0.17446617641158835,0.0,-5.302490920570019,0.7508199383097834,0.01624911904271931,0.02437134886042199,-0.001168020413933977,0.0,0.0,0.0,0.0
25.69097638130188,-0.12827393,0.21775945,-4.563199,0.0032129074561779367,nan,nan,nan,nan,nan,15.689905405044556,16.889905405044555,0.0003464221954345703,0.0,-0.20295208670156717,0.0,-5.3306957822949546,0.749127077411998,0.016018995628956343,0.024689784849860154,-0.0019930610006530826,0.0,0.0,0.0,0.0
25.790632009506226,-0.108640425,0.18197225,-4.568511,0.004552744451702367,nan,nan,nan,nan,nan,15.789528131484985,16.989528131484985,0.0005488395690917969,0.0,-0.22942918714633254,0.0,-5.346522864712684,0.7465520507010944,0.020311457319489766,0.024700573393035472,-0.003257026196046847,0.0,0.0,0.0,0.0
25.890769958496094,-0.09423316,0.155229,-4.583052,0.005248470827011463,nan,nan,nan,nan,nan,15.889679908752441,17.08967990875244,0.00034499168395996094,0.0,-0.2539035199859835,0.0,-5.349516911030962,0.743306915384211,0.023145166182905356,0.022978878355426977,-0.004137741961942683,0.0,0.0,0.0,0.0
25.99089550971985,-0.079137616,0.12617312,-4.6086955,0.005611657768883847,nan,nan,nan,nan,nan,15.989800930023193,17.189800930023193,0.00034689903259277344,0.0,-0.27599362915069964,0.0,-5.339453678302467,0.7389600026417874,0.022993687885137754,0.01912034403177018,-0.004583961168706587,0.0,0.0,0.0,0.0
26.091100931167603,-0.066770665,0.1010502,-4.636196,0.005806050745955099,nan,nan,nan,nan,nan,16.09001350402832,17.29001350402832,0.0003509521484375,0.0,-0.295517221962026,0.0,-5.31668557769241,0.7344727457397571,0.020781144307158522,0.014874213878140587,-0.004845163202363883,0.0,0.0,0.0,0.0
26.190858840942383,-0.06056469,0.0775534,-4.668002,0.005182661333710278,nan,nan,nan,nan,nan,16.189791202545166,17.389791202545165,0.0003619194030761719,0.0,-0.31220343901670056,0.0,-5.28224190386238,0.7297655861721358,0.01703086582084398,0.007907937729797622,-0.004561347661383685,0.0,0.0,0.0,0.0
26.290830373764038,-0.054751247,0.05499545,-4.6971974,0.004402254221143369,nan,nan,nan,nan,nan,16.289743661880493,17.489743661880492,0.00035071372985839844,0.0,-0.32600915031656513,0.0,-5.23724159941223,0.7249718372117535,0.013364619109819698,0.0004016783763510992,-0.003980520728735727,0.0,0.0,0.0,0.0
26.390877723693848,-0.0542595,0.037998427,-4.724616,0.0034742279779689214,nan,nan,nan,nan,nan,16.389785766601562,17.589785766601562,0.0003657341003417969,0.0,-0.3367821507645077,0.0,-5.18335844370431,0.7203863413405925,0.009422398996280532,-0.006806612881274033,-0.0032252830926797833,0.0,0.0,0.0,0.0
26.49084973335266,-0.053868078,0.020883828,-4.750809,0.00271309820593575,nan,nan,nan,nan,nan,16.489771127700806,17.689771127700805,0.00034356117248535156,0.0,-0.3444046420807657,0.0,-5.122673622978043,0.7162206519781465,0.005513073695815961,-0.013714881847551035,-0.002515037271392373,0.0,0.0,0.0,0.0
26.590882778167725,-0.050163325,-0.0013455391,-4.77772,0.0021615928917504707,nan,nan,nan,nan,nan,16.589802265167236,17.789802265167236,0.00035309791564941406,0.0,-0.34881373507846813,0.0,-5.05738879280032,0.7126245420342597,0.006286618365635775,-0.016206285064239784,-0.001993304309505151,0.0,0.0,0.0,0.0
26.69082021713257,-0.049868308,-0.019713508,-4.801305,0.0014979825139777641,nan,nan,nan,nan,nan,16.689838409423828,17.889838409423827,0.00034427642822265625,0.0,-0.3499639970301824,0.0,-4.989960956552249,0.7094175740092314,0.008022767325012645,-0.01752845646202897,-0.0014340254242377632,0.0,0.0,0.0,0.0
26.790712356567383,-0.054706514,-0.039313156,-4.8209224,0.0006546315939448407,nan,nan,nan,nan,nan,16.78961491584778,17.989614915847778,0.00034689903259277344,0.0,-0.34785410204599937,0.0,-4.923078821197104,0.706931215232943,0.010513424355082079,-0.019395195009761747,-0.0007479204504465902,0.0,0.0,0.0,0.0
26.89136576652527,-0.059011452,-0.057297435,-4.831997,-0.00015803993506221278,nan,nan,nan,nan,nan,16.890354871749878,18.090354871749877,0.0003943443298339844,0.0,-0.342443659008122,0.0,-4.858453519451977,0.7053493201094702,0.01440494106431223,-0.02109649019475667,6.552919990298e-05,0.0,0.0,0.0,0.0
26.99106240272522,-0.06493967,-0.0792469,-4.839205,-0.001247162059863546,nan,nan,nan,nan,nan,16.989999294281006,18.189999294281005,0.00035762786865234375,0.0,-0.33389976730992915,0.0,-4.799787876415027,0.7047144922294127,0.019156532339677936,-0.021508471140127237,0.0009854516346564073,0.0,0.0,0.0,0.0
27.091597318649292,-0.07005798,-0.09340768,-4.840978,-0.00187997598763206,nan,nan,nan,nan,nan,17.09053325653076,18.29053325653076,0.0004591941833496094,0.0,-0.3221429160619457,0.0,-4.748111015084403,0.705326934266904,0.020724120373194693,-0.02061770669863016,0.0017383159891647142,0.0,0.0,0.0,0.0
27.19091272354126,-0.08627809,-0.11284855,-4.830436,-0.0028142259954753407,nan,nan,nan,nan,nan,17.18983554840088,18.389835548400878,0.00036072731018066406,0.0,-0.3075452639738263,0.0,-4.706372387198638,0.7066327896039306,0.022578736246017344,-0.02157139053884207,0.0024661476695647944,0.0,0.0,0.0,0.0
27.290898323059082,-0.09797465,-0.12707235,-4.814827,-0.003237605669950352,nan,nan,nan,nan,nan,17.28982448577881,18.489824485778808,0.00034308433532714844,0.0,-0.2899860269806008,0.0,-4.675249028821002,0.7089769178374369,0.024289451568897672,-0.021776173757085075,0.003063755999459288,0.0,0.0,0.0,0.0
27.39097833633423,-0.10906789,-0.14222799,-4.7964134,-0.003452985888239602,nan,nan,nan,nan,nan,17.38994860649109,18.589948606491088,0.0003743171691894531,0.0,-0.2696907179933972,0.0,-4.656205980212454,0.7117233942795849,0.026014194268556515,-0.020130222274208614,0.0033285551254359676,0.0,0.0,0.0,0.0
27.491368055343628,-0.120686375,-0.15873334,-4.7714005,-0.003709592188616128,nan,nan,nan,nan,nan,17.49049210548401,18.690492105484008,0.0003552436828613281,0.0,-0.2467705313957869,0.0,-4.650005855765177,0.7152410426483924,0.02654979873863423,-0.01666841366299223,0.00348426167494217,0.0,0.0,0.0,0.0
27.590816736221313,-0.1332744,-0.17543793,-4.7439075,-0.0039401298153012064,nan,nan,nan,nan,nan,17.5897274017334,18.789727401733398,0.0003504753112792969,0.0,-0.2218637124947786,0.0,-4.65681320779689,0.7195202569342422,0.02821940433886506,-0.014069285566322828,0.0037035577325073236,0.0,0.0,0.0,0.0
27.69096088409424,-0.1406111,-0.19490597,-4.711051,-0.003543249057305046,nan,nan,nan,nan,nan,17.689881801605225,18.889881801605224,0.00035309791564941406,0.0,-0.19465859846285846,0.0,-4.676450051425479,0.7239906020680421,0.030062134551090303,-0.00986569828282903,0.003449310571868413,0.0,0.0,0.0,0.0
27.790781259536743,-0.14737202,-0.20949782,-4.683334,-0.0030755547156522175,nan,nan,nan,nan,nan,17.78970170021057,18.98970170021057,0.0005142688751220703,0.0,-0.16573008468765324,0.0,-4.70805452056948,0.728176539508665,0.030511885920249657,-0.0052315232219737225,0.0028997020807320366,0.0,0.0,0.0,0.0
27.89097237586975,-0.15134254,-0.22095296,-4.6555324,-0.0024387675667036403,nan,nan,nan,nan,nan,17.889915704727173,19.089915704727172,0.00042819976806640625,0.0,-0.13513677147142958,0.0,-4.750684869547999,0.7321467221308724,0.02776983516435306,-0.0005580970905984471,0.0022731431098100973,0.0,0.0,0.0,0.0
27.991369485855103,-0.15125385,-0.22814424,-4.629374,-0.0017582912701238664,nan,nan,nan,nan,nan,17.99030113220215,19.190301132202148,0.0004177093505859375,0.0,-0.10322090494648431,0.0,-4.802740120254985,0.7360023823631725,0.02274354552740984,0.00492846984867253,0.0015119057247817544,0.0,0.0,0.0,0.0
28.091135025024414,-0.14804171,-0.2322846,-4.607597,-0.0011548522679010343,nan,nan,nan,nan,nan,18.090068817138672,19.29006881713867,0.00034809112548828125,0.0,-0.07053857709155363,0.0,-4.861817673760488,0.7396790237835544,0.017323637607015045,0.010966061324862745,0.0007539935511739708,0.0,0.0,0.0,0.0
28.1909236907959,-0.14263213,-0.23140377,-4.588908,-0.0004985769157281189,nan,nan,nan,nan,nan,18.18989133834839,19.389891338348388,0.0003414154052734375,0.0,-0.037182256214604935,0.0,-4.92605631272984,0.7427665370314833,0.011159939849904732,0.016007146263515556,1.1152411922075474e-05,0.0,0.0,0.0,0.0
28.29096293449402,-0.13787611,-0.22298531,-4.57788,-0.0003905730275715943,nan,nan,nan,nan,nan,18.28992199897766,19.48992199897766,0.0004317760467529297,0.0,-0.0034095894202427523,0.0,-4.99318114473862,0.7450318798927476,0.004109876673289245,0.018839222117383002,-0.00024756570488743503,0.0,0.0,0.0,0.0
28.39095950126648,-0.13257658,-0.20822614,-4.5715513,-0.0007544398888813496,nan,nan,nan,nan,nan,18.38992428779602,19.58992428779602,0.0003414154052734375,0.0,0.030385368650546175,0.0,-5.060541292579,0.7465565139452912,-0.005470503642309568,0.01960649324871801,-6.3345306054130065e-06,0.0,0.0,0.0,0.0
28.49109721183777,-0.123970665,-0.18490642,-4.564082,-0.0016149829596968628,nan,nan,nan,nan,nan,18.490050554275513,19.690050554275512,0.0003619194030761719,0.0,0.06393785316478223,0.0,-5.12572387827948,0.7479207397959914,-0.01661897176594319,0.0208140662776242,0.000726192221376241,0.0,0.0,0.0,0.0
28.59101700782776,-0.11501234,-0.15793648,-4.5642586,-0.0028470466151479905,nan,nan,nan,nan,nan,18.58999013900757,19.789990139007568,0.0003819465637207031,0.0,0.09683116750259674,0.0,-5.186103254606697,0.7485257684897619,-0.02639996552848239,0.021565703863819227,0.0018243403937681687,0.0,0.0,0.0,0.0
28.691542148590088,-0.103911236,-0.12829036,-4.5677996,-0.0038674444675814955,nan,nan,nan,nan,nan,18.690574884414673,19.890574884414672,0.00036072731018066406,0.0,0.12902441318270078,0.0,-5.239874904887515,0.7482503765365704,-0.03365349224388689,0.021809657518505027,0.0029520850186361817,0.0,0.0,0.0,0.0
28.790913105010986,-0.09143513,-0.09573543,-4.5736723,-0.004402702767357273,nan,nan,nan,nan,nan,18.789991855621338,19.989991855621337,0.00038886070251464844,0.0,0.15964738336215326,0.0,-5.284143732522294,0.7472405228186063,-0.03830636851596063,0.021447989026815793,0.0037005517105528412,0.0,0.0,0.0,0.0
28.890970945358276,-0.08179681,-0.061415933,-4.5844545,-0.004130239208029775,nan,nan,nan,nan,nan,18.889918088912964,20.089918088912963,0.0003476142883300781,0.0,0.18894214291268255,0.0,-5.318092052618122,0.7457081503104515,-0.03984436985727892,0.019879626279405038,0.0037990945639166393,0.0,0.0,0.0,0.0
28.991077423095703,-0.07684904,-0.027150411,-4.601009,-0.0032959579148433404,nan,nan,nan,nan,nan,18.99002480506897,20.19002480506897,0.0003387928009033203,0.0,0.21652337842633917,0.0,-5.340234435672438,0.7434192513745904,-0.04107625897833613,0.015139460820061974,0.003217320632232377,0.0,0.0,0.0,0.0
29.091052770614624,-0.07448564,0.012806512,-4.624301,-0.0018700703530938356,nan,nan,nan,nan,nan,19.090079069137573,20.290079069137573,0.00035190582275390625,0.0,0.2420658628653363,0.0,-5.349671246532495,0.7404652381661395,-0.041358979247313674,0.008638079865005326,0.0021523783662257406,0.0,0.0,0.0,0.0
29.19094729423523,-0.076024294,0.05107409,-4.6480036,-0.0006983175857638875,nan,nan,nan,nan,nan,19.189939498901367,20.389939498901366,0.0003840923309326172,0.0,0.2653030230368728,0.0,-5.346084882571183,0.7368391152121212,-0.04111654607800708,0.0013655041528729773,0.0009279509416051227,0.0,0.0,0.0,0.0
29.291186571121216,-0.07795961,0.095785215,-4.6745973,0.00034595608847496837,nan,nan,nan,nan,nan,19.290104627609253,20.490104627609252,0.0003516674041748047,0.0,0.2861294061964674,0.0,-5.329569989241659,0.7329805131979436,-0.04077492423259991,-0.005017990573174714,-0.00011274427861335044,0.0,0.0,0.0,0.0
29.391796588897705,-0.08136214,0.13275868,-4.7005386,0.0010427637409302394,nan,nan,nan,nan,nan,19.390707969665527,20.590707969665527,0.0003402233123779297,0.0,0.3043486924123684,0.0,-5.300583143322028,0.7288672077214831,-0.04138398042189437,-0.010105090862719164,-0.0010442553502344786,0.0,0.0,0.0,0.0
29.490856170654297,-0.09064898,0.17459744,-4.7386203,0.0018113557836519547,nan,nan,nan,nan,nan,19.489822387695312,20.689822387695312,0.0003399848937988281,0.0,0.3194866122239536,0.0,-5.260934063793175,0.7245694599499628,-0.03809464879774704,-0.015346718438804996,-0.0018342033601420696,0.0,0.0,0.0,0.0
29.591058254241943,-0.09980262,0.20437554,-4.771216,0.0023346518250674667,nan,nan,nan,nan,nan,19.59003734588623,20.79003734588623,0.0003490447998046875,0.0,0.33181278276215154,0.0,-5.2111401184386015,0.7199063728003916,-0.032694965354905146,-0.020443361792682125,-0.0025644067213011815,0.0,0.0,0.0,0.0
29.690946340560913,-0.10462359,0.23375995,-4.803076,0.002293316518719212,nan,nan,nan,nan,nan,19.68989872932434,20.88989872932434,0.000354766845703125,0.0,0.34100065167657934,0.0,-5.153660385921602,0.7155601992843863,-0.02647595385076749,-0.021905838285043097,-0.0027828630012248245,0.0,0.0,0.0,0.0
29.791224718093872,-0.108403504,0.2635565,-4.831475,0.0017060696060084042,nan,nan,nan,nan,nan,19.79016399383545,20.99016399383545,0.0003695487976074219,0.0,0.3470312889720068,0.0,-5.090207092328303,0.7117524668507866,-0.020678984167284125,-0.019528069129542823,-0.0023128192977164763,0.0,0.0,0.0,0.0
29.89130187034607,-0.11156462,0.28936437,-4.85345,0.0010807405301251922,nan,nan,nan,nan,nan,19.89026641845703,21.09026641845703,0.00044083595275878906,0.0,0.34980274436905856,0.0,-5.023484844512426,0.7086839709602593,-0.01644307408108856,-0.016201095969282646,-0.0016219274691573354,0.0,0.0,0.0,0.0
29.991324186325073,-0.114024416,0.3155002,-4.872889,0.0006056566562452643,nan,nan,nan,nan,nan,19.990285873413086,21.190285873413085,0.0005939006805419922,0.0,0.3493032686252228,0.0,-4.955941463813672,0.7064363861462079,-0.013282843027965495,-0.011905273176241703,-0.001049388992365999,0.0,0.0,0.0,0.0
30.090797662734985,-0.11753778,0.3360091,-4.885279,0.0007166593560407608,nan,nan,nan,nan,nan,20.089723348617554,21.289723348617553,0.00046539306640625,0.0,0.3455724485389674,0.0,-4.890414257130815,0.7048030108312228,-0.01040620409055629,-0.008865640578749343,-0.0008891656432718026,0.0,0.0,0.0,0.0
30.19110631942749,-0.11967626,0.35323784,-4.894374,0.000968054518497281,nan,nan,nan,nan,nan,20.190030097961426,21.390030097961425,0.00034618377685546875,0.0,0.3385768778208205,0.0,-4.828411619330241,0.7039428768382449,-0.007125247733162166,-0.00623059384765366,-0.0009434739874984106,0.0,0.0,0.0,0.0
30.291312217712402,-0.12142351,0.36518863,-4.8960814,0.0014037091433857212,nan,nan,nan,nan,nan,20.290242910385132,21.49024291038513,0.0003757476806640625,0.0,0.32841168793693787,0.0,-4.772889841365156,0.7038220866132819,-0.004028664509039447,-0.0035681378526887693,-0.0011397946153488053,0.0,0.0,0.0,0.0
30.390857934951782,-0.12394337,0.3736253,-4.892098,0.0017810151194118454,nan,nan,nan,nan,nan,20.390051126480103,21.590051126480102,0.00039267539978027344,0.0,0.31522665964325175,0.0,-4.726036365058284,0.7049294610772956,0.0002342480063657823,-0.001279799292204695,-0.0014609722254564001,0.0,0.0,0.0,0.0
30.491106510162354,-0.12799662,0.38186797,-4.883563,0.0018041319995223074,nan,nan,nan,nan,nan,20.490042448043823,21.690042448043823,0.00042891502380371094,0.0,0.2990775403159528,0.0,-4.689294651753589,0.7066525036927009,0.0004892390693412265,-0.00018497978149684615,-0.0015364428458012236,0.0,0.0,0.0,0.0
30.591825485229492,-0.12964304,0.38461497,-4.8630195,0.0016775021576316256,nan,nan,nan,nan,nan,20.590770483016968,21.790770483016967,0.00047588348388671875,0.0,0.2799870082280945,0.0,-4.663987877418077,0.7095099484181863,0.002591433825045011,0.001613833788426218,-0.0013865647709684064,0.0,0.0,0.0,0.0
30.691272974014282,-0.124225184,0.38442126,-4.840024,0.0016368512986839907,nan,nan,nan,nan,nan,20.690186262130737,21.890186262130737,0.0004086494445800781,0.0,0.25854360098776447,0.0,-4.6514631968278515,0.7127134980038715,0.003978569461665641,0.0052785003744206145,-0.0012643656099116357,0.0,0.0,0.0,0.0
30.79114580154419,-0.11445727,0.37829155,-4.8126597,0.0014030108250688515,nan,nan,nan,nan,nan,20.790131330490112,21.99013133049011,0.0003674030303955078,0.0,0.2345814756646305,0.0,-4.651810276976185,0.7164731838019854,0.005103748068091299,0.010992079864774537,-0.0009641455962119445,0.0,0.0,0.0,0.0
30.891189336776733,-0.10383396,0.36729985,-4.784215,0.0012111510627774436,nan,nan,nan,nan,nan,20.890156269073486,22.090156269073486,0.0004062652587890625,0.0,0.20840982141445738,0.0,-4.66513232903643,0.7205838349711033,0.008593196590867927,0.016712210140793562,-0.0007228620796728556,0.0,0.0,0.0,0.0
30.991360425949097,-0.09569153,0.357447,-4.7571383,0.0010487030706952307,nan,nan,nan,nan,nan,20.990273475646973,22.190273475646972,0.0004096031188964844,0.0,0.18026457384108038,0.0,-4.690966975859599,0.7250684841438947,0.01004446053117032,0.01972887944312948,-0.0005285308298220858,0.0,0.0,0.0,0.0
31.09121799468994,-0.09364454,0.34496444,-4.720499,0.0009260749402559432,nan,nan,nan,nan,nan,21.09015727043152,22.290157270431518,0.00037026405334472656,0.0,0.15050359896958043,0.0,-4.728243480572464,0.7297056077674622,0.009785972552742678,0.01805711239096124,-0.00046766330665971287,0.0,0.0,0.0,0.0
31.19129705429077,-0.09868281,0.3294922,-4.6817408,0.0008699522492669112,nan,nan,nan,nan,nan,21.19022011756897,22.39022011756897,0.00037860870361328125,0.0,0.1192837244879652,0.0,-4.775715116031221,0.7343115858726773,0.008702072819788804,0.011853018256222685,-0.0005288277969012897,0.0,0.0,0.0,0.0
31.291303157806396,-0.10194612,0.31467405,-4.6486483,0.001000569892134982,nan,nan,nan,nan,nan,21.29023790359497,22.49023790359497,0.0003578662872314453,0.0,0.08696349809101542,0.0,-4.831527297675175,0.7386282776959812,0.007585123641633737,0.004013471161242414,-0.0007098340615746232,0.0,0.0,0.0,0.0
31.391176223754883,-0.10147447,0.29793894,-4.6171055,0.0013530496577338937,nan,nan,nan,nan,nan,21.3900945186615,22.5900945186615,0.00036215782165527344,0.0,0.053884907081813524,0.0,-4.89351506414337,0.742439747262576,0.0045023290375445085,0.00038911872179649533,-0.0010435328105090006,0.0,0.0,0.0,0.0
31.490679264068604,-0.09972502,0.279868,-4.5911684,0.0015381039191070412,nan,nan,nan,nan,nan,21.489582538604736,22.689582538604736,0.00041294097900390625,0.0,0.02042914158479019,0.0,-4.959211377018595,0.7458216991731872,0.0038810104267783725,-0.0009800976156062115,-0.0012772528960402225,0.0,0.0,0.0,0.0
31.590991973876953,-0.10439392,0.2618835,-4.5597377,0.001428446708504413,nan,nan,nan,nan,nan,21.589985370635986,22.789985370635986,0.0003857612609863281,0.0,-0.013524696905132867,0.0,-5.027029191141281,0.7487229508857224,0.0010405076232060148,-0.003557440402757234,-0.0013264170040033494,0.0,0.0,0.0,0.0
31.691706657409668,-0.1086528,0.24704324,-4.5393286,0.0010493063696803018,nan,nan,nan,nan,nan,21.690613508224487,22.890613508224487,0.00040912628173828125,0.0,-0.04742676497588256,0.0,-5.093978663277846,0.750758225626887,-0.0018207127242200678,-0.007199602054660182,-0.0011339876648175315,0.0,0.0,0.0,0.0
31.791332483291626,-0.11431499,0.22600111,-4.520794,0.0005895880948755348,nan,nan,nan,nan,nan,21.79025387763977,22.99025387763977,0.0003685951232910156,0.0,-0.08055526769051202,0.0,-5.156785248527477,0.7521839910294197,-0.004322128352169221,-0.009750784940106949,-0.0007546399618068519,0.0,0.0,0.0,0.0
31.891034603118896,-0.11940626,0.2081172,-4.5149913,0.0005958435435373614,nan,nan,nan,nan,nan,21.89000964164734,23.090009641647338,0.00039696693420410156,0.0,-0.11297399527866744,0.0,-5.2138536839392495,0.75246986928842,-0.0043240520731116,-0.010954756068635163,-0.0007394317376069013,0.0,0.0,0.0,0.0
31.991382837295532,-0.13157679,0.18606217,-4.5127025,-0.00012169818686321061,nan,nan,nan,nan,nan,21.990302801132202,23.1903028011322,0.00040793418884277344,0.0,-0.14450867062076672,0.0,-5.263232533348559,0.7520830134489209,-0.002843938933306315,-0.014352947656718728,-0.0003522635070447948,0.0,0.0,0.0,0.0
32.091148853302,-0.1463972,0.16322532,-4.5148616,-0.0007477807544967342,nan,nan,nan,nan,nan,22.09011721611023,23.29011721611023,0.0004639625549316406,0.0,-0.17454581741038527,0.0,-5.302583313756241,0.7507607914856892,-0.0007232476012110097,-0.01802557072605535,0.00014468703300345035,0.0,0.0,0.0,0.0
32.19091200828552,-0.16169326,0.14258459,-4.5228715,-0.001110061374360297,nan,nan,nan,nan,nan,22.189905166625977,23.389905166625976,0.0003581047058105469,0.0,-0.2029520209842494,0.0,-5.330695729457787,0.7486662528807391,0.000672229511378748,-0.021299971841407396,0.0004789248692289572,0.0,0.0,0.0,0.0
32.2912175655365,-0.17862986,0.121320434,-4.5409436,-0.0012864183081699523,nan,nan,nan,nan,nan,22.29014754295349,23.49014754295349,0.00039124488830566406,0.0,-0.22958740450675613,0.0,-5.346581548654579,0.7456684709563526,0.0015071870127621218,-0.023687732471512166,0.000628556057337866,0.0,0.0,0.0,0.0
32.39089035987854,-0.19323497,0.10357766,-4.566765,-0.001244487980108868,nan,nan,nan,nan,nan,22.389878034591675,23.589878034591674,0.00038313865661621094,0.0,-0.25394965188304464,0.0,-5.349509844132783,0.7419091197841955,0.00047360541070817097,-0.024648553711565966,0.0006486525285322356,0.0,0.0,0.0,0.0
32.49088215827942,-0.20183894,0.08297848,-4.5901184,-0.00115668896245762,nan,nan,nan,nan,nan,22.489866495132446,23.689866495132446,0.0005702972412109375,0.0,-0.27600726999223235,0.0,-5.339442866903162,0.7378884213617799,0.0006740035487983243,-0.021539597627961565,0.0006388345101576957,0.0,0.0,0.0,0.0
32.59196448326111,-0.2045458,0.062369317,-4.6070147,-0.0008492755226078355,nan,nan,nan,nan,nan,22.59117317199707,23.79117317199707,0.0007710456848144531,0.0,-0.2957272609289149,0.0,-5.31635065871057,0.733944108187105,0.0024170169158047477,-0.014871710182326144,0.0005863778658155255,0.0,0.0,0.0,0.0
32.69090461730957,-0.20442773,0.035523247,-4.6293225,-0.00016862517028013238,nan,nan,nan,nan,nan,22.689854383468628,23.889854383468627,0.00046825408935546875,0.0,-0.31221310059700347,0.0,-5.282216620147815,0.7298522205786572,0.006639506573826557,-0.006162792431981667,0.0002900938243282704,0.0,0.0,0.0,0.0
32.79097867012024,-0.19955236,0.0064466298,-4.6519656,0.0007401866137739235,nan,nan,nan,nan,nan,22.789966821670532,23.98996682167053,0.00036597251892089844,0.0,-0.32603661417960705,0.0,-5.237130558847529,0.7257090041501824,0.012958588685414473,0.002414031198081916,-0.000320928268038911,0.0,0.0,0.0,0.0
32.89072895050049,-0.18842457,-0.026999792,-4.6782537,0.0017703300240852387,nan,nan,nan,nan,nan,22.889686822891235,24.089686822891235,0.0003654956817626953,0.0,-0.3367730365760201,0.0,-5.183415468060801,0.7215216713364098,0.02197551644521773,0.013080450274089656,-0.0012100405754748697,0.0,0.0,0.0,0.0
32.99099516868591,-0.17947741,-0.049888823,-4.6969256,0.002477213339313943,nan,nan,nan,nan,nan,22.98998713493347,24.18998713493347,0.00048542022705078125,0.0,-0.34441764989888596,0.0,-5.122536722702615,0.717748590788653,0.026261074832038156,0.02061650481692525,-0.0019763386918034416,0.0,0.0,0.0,0.0
33.09123659133911,-0.16757496,-0.08285124,-4.711613,0.0032589763710166083,nan,nan,nan,nan,nan,23.09019136428833,24.29019136428833,0.0003650188446044922,0.0,-0.34882453965404436,0.0,-5.057129055762563,0.7145519391356806,0.030955000938101336,0.025842323342401254,-0.002762235441975042,0.0,0.0,0.0,0.0
33.19098401069641,-0.15509965,-0.12082162,-4.7206044,0.0036726185956253016,nan,nan,nan,nan,nan,23.189985275268555,24.389985275268554,0.0003483295440673828,0.0,-0.3499632808238789,0.0,-4.989861620965641,0.7121182684295158,0.03742617029393088,0.028876075968994743,-0.0034689923423808903,0.0,0.0,0.0,0.0
33.29085373878479,-0.14488232,-0.15558836,-4.727123,0.003542146123109611,nan,nan,nan,nan,nan,23.289783716201782,24.48978371620178,0.00039887428283691406,0.0,-0.3478477830934643,0.0,-4.922967398992351,0.7103759224613477,0.044691974055935,0.029010431403362423,-0.003690393468504132,0.0,0.0,0.0,0.0
33.390769958496094,-0.13755773,-0.18596368,-4.7295027,0.0032759434547958194,nan,nan,nan,nan,nan,23.389716863632202,24.5897168636322,0.0004954338073730469,0.0,-0.3424882047526762,0.0,-4.858848456553532,0.7094381679712101,0.04642796269409068,0.02555303559585112,-0.003561854675258936,0.0,0.0,0.0,0.0
33.49109196662903,-0.12585825,-0.21431646,-4.7289605,0.003116773860487902,nan,nan,nan,nan,nan,23.49009346961975,24.69009346961975,0.00035572052001953125,0.0,-0.333890213449256,0.0,-4.799735611586207,0.7089619643912933,0.04364550450586621,0.021833550735750544,-0.0033432469409716134,0.0,0.0,0.0,0.0
33.5906708240509,-0.11549919,-0.2396898,-4.7217164,0.00280634213465019,nan,nan,nan,nan,nan,23.589572429656982,24.78957242965698,0.00040721893310546875,0.0,-0.322269866780876,0.0,-4.7485628464626455,0.7093495754475395,0.03948704684676151,0.018340165144532548,-0.0030816916810978636,0.0,0.0,0.0,0.0
33.69099569320679,-0.108131796,-0.26445422,-4.7154512,0.0023688607169826776,nan,nan,nan,nan,nan,23.690022468566895,24.890022468566894,0.000354766845703125,0.0,-0.3075150699647447,0.0,-4.706303572339854,0.7102625733610496,0.035155832383992267,0.014023518197797106,-0.0026531542829706313,0.0,0.0,0.0,0.0
33.790793895721436,-0.105083056,-0.28339303,-4.710047,0.0016941102971051065,nan,nan,nan,nan,nan,23.789726972579956,24.989726972579955,0.0003581047058105469,0.0,-0.2900044988590536,0.0,-4.675273641327664,0.7116162496291808,0.02903391807415495,0.007333337193738469,-0.0018799752952499773,0.0,0.0,0.0,0.0
33.891353130340576,-0.10361677,-0.29818463,-4.7022986,0.0009040811186724548,nan,nan,nan,nan,nan,23.890565395355225,25.090565395355224,0.0003955364227294922,0.0,-0.26955766340280507,0.0,-4.656127980207091,0.7135934755713119,0.021420023374595042,0.0006316862720280259,-0.0010267724410828723,0.0,0.0,0.0,0.0
33.990838050842285,-0.100728974,-0.30912954,-4.6875834,0.0001915189340047918,nan,nan,nan,nan,nan,23.989787101745605,25.189787101745605,0.00036406517028808594,0.0,-0.24693962075335496,0.0,-4.650003421380112,0.7164074466176381,0.014078276871625491,-0.00402532719804842,-0.00018199154313058478,0.0,0.0,0.0,0.0
34.091424226760864,-0.09851081,-0.316487,-4.669987,-0.0006841351563452412,nan,nan,nan,nan,nan,24.090404748916626,25.290404748916625,0.00037789344787597656,0.0,-0.22168642558832571,0.0,-4.656903495034191,0.7195244963082148,0.007864255741016063,-0.006240111955740737,0.0004750999668675258,0.0,0.0,0.0,0.0
34.19103145599365,-0.09825993,-0.32073313,-4.6518307,-0.0012805282655688928,nan,nan,nan,nan,nan,24.19001579284668,25.39001579284668,0.00035834312438964844,0.0,-0.19462092222459476,0.0,-4.6764846379888185,0.7231690630608357,0.0017178253184420046,-0.007256533828724473,0.0011403085199206554,0.0,0.0,0.0,0.0
34.2910795211792,-0.098824434,-0.32545936,-4.6280203,-0.0016997152116721322,nan,nan,nan,nan,nan,24.29004192352295,25.49004192352295,0.0003581047058105469,0.0,-0.16562869181803413,0.0,-4.708181561475597,0.7272358327552885,-0.00010017980020999533,-0.00825670354042925,0.0015407514583325335,0.0,0.0,0.0,0.0
34.39121079444885,-0.098420426,-0.32672858,-4.615025,-0.001775738600430404,nan,nan,nan,nan,nan,24.390248775482178,25.590248775482177,0.0004220008850097656,0.0,-0.13503281646417112,0.0,-4.750843098006441,0.7310605312142318,-0.0014039219180775192,-0.008270884945032576,0.0016856181850554094,0.0,0.0,0.0,0.0
34.49096059799194,-0.100072496,-0.32342404,-4.597568,-0.0017760346388840161,nan,nan,nan,nan,nan,24.48993182182312,25.68993182182312,0.000438690185546875,0.0,-0.10334028815299244,0.0,-4.80253374598066,0.7346580391049615,-0.0029941499870433735,-0.007977678673279238,0.0016794935263510138,0.0,0.0,0.0,0.0
34.5911910533905,-0.09663863,-0.31898546,-4.583584,-0.0019618101366214048,nan,nan,nan,nan,nan,24.59013557434082,25.79013557434082,0.0005373954772949219,0.0,-0.0705164547356567,0.0,-4.861859176694413,0.7380197016239096,-0.005012101682884418,-0.006296095469567682,0.0017015918753435924,0.0,0.0,0.0,0.0
34.69094681739807,-0.09326327,-0.31103,-4.5746226,-0.0022810318086107003,nan,nan,nan,nan,nan,24.68997097015381,25.889970970153808,0.0003688335418701172,0.0,-0.0371554671054332,0.0,-4.926108980292596,0.7408323485376827,-0.005967012213019513,-0.0022473967491927088,0.0019102946768393906,0.0,0.0,0.0,0.0
34.79107069969177,-0.09437915,-0.29724896,-4.5653377,-0.0022142053270988397,nan,nan,nan,nan,nan,24.79005217552185,25.99005217552185,0.0003821849822998047,0.0,-0.0033655494566896178,0.0,-4.993269212288264,0.7433817098367537,-0.009489428793719818,-0.0009339937456902997,0.0018912304557006782,0.0,0.0,0.0,0.0
34.89132022857666,-0.09973774,-0.28820625,-4.557221,-0.0020044443980923084,nan,nan,nan,nan,nan,24.890640258789062,26.090640258789062,0.0004978179931640625,0.0,0.030626677937241525,0.0,-5.061018394030748,0.7456370419585205,-0.008867686198667457,-0.0025280566155583602,0.0017972797119584147,0.0,0.0,0.0,0.0
34.990983724594116,-0.10484076,-0.27416274,-4.5550127,-0.0025551604738235333,nan,nan,nan,nan,nan,24.989975452423096,26.189975452423095,0.0003616809844970703,0.0,0.06391287170239837,0.0,-5.125676450992261,0.746987875090846,-0.007649271774791171,-0.004286148608094238,0.0020412500672603463,0.0,0.0,0.0,0.0
35.09174871444702,-0.10605967,-0.26085645,-4.558852,-0.0031873313967736494,nan,nan,nan,nan,nan,25.09070658683777,26.290706586837768,0.0003886222839355469,0.0,0.09706407560641293,0.0,-5.186513649031174,0.7474879670606202,-0.006200232559727337,-0.0042963835455717934,0.0025950698620263207,0.0,0.0,0.0,0.0
35.191200494766235,-0.10512394,-0.24211684,-4.56819,-0.003715144361181918,nan,nan,nan,nan,nan,25.190231561660767,26.390231561660766,0.00042557716369628906,0.0,0.12891643186054053,0.0,-5.239705682507537,0.7472659567611055,-0.005029707686120476,-0.002186106023582205,0.003012374939525781,0.0,0.0,0.0,0.0
35.29098415374756,-0.10354191,-0.2187538,-4.582594,-0.004021563035604561,nan,nan,nan,nan,nan,25.28998374938965,26.489983749389648,0.0003795623779296875,0.0,0.1596449427390316,0.0,-5.284140529848839,0.7463701829216142,-0.00868338728483122,0.0003948350831279819,0.0033184822076100596,0.0,0.0,0.0,0.0
35.39097714424133,-0.09944108,-0.19389862,-4.596608,-0.003825213775049746,nan,nan,nan,nan,nan,25.390025854110718,26.590025854110717,0.0004372596740722656,0.0,0.18897283260715594,0.0,-5.318122464552625,0.7449585037253661,-0.01183517990530421,0.003355457048226722,0.003301548122650943,0.0,0.0,0.0,0.0
35.49103236198425,-0.09912088,-0.17198206,-4.6142483,-0.003473599563970208,nan,nan,nan,nan,nan,25.490071773529053,26.690071773529052,0.0004985332489013672,0.0,0.21653586308265144,0.0,-5.340241889306926,0.7428956281495546,-0.013251436867665254,0.004803315306100092,0.0030083529828941777,0.0,0.0,0.0,0.0
35.59145402908325,-0.098253325,-0.14302535,-4.636305,-0.003372079313299183,nan,nan,nan,nan,nan,25.590514659881592,26.79051465988159,0.00044083595275878906,0.0,0.24217228255863868,0.0,-5.3496838944965015,0.7399647468801186,-0.01596645258348239,0.0047168662029731506,0.002839709127355061,0.0,0.0,0.0,0.0
35.69101524353027,-0.09636858,-0.11269062,-4.6578817,-0.0036681313206643087,nan,nan,nan,nan,nan,25.690025806427002,26.890025806427,0.0003955364227294922,0.0,0.2653220676696059,0.0,-5.34607616714146,0.7368859925181932,-0.018781728933017845,0.004934201074325229,0.002994245857247593,0.0,0.0,0.0,0.0
35.79125785827637,-0.09404955,-0.07579563,-4.6807933,-0.004481326183779436,nan,nan,nan,nan,nan,25.79043936729431,26.99043936729431,0.0004017353057861328,0.0,0.2861946136392961,0.0,-5.329493667556334,0.733587060673234,-0.023796599630547175,0.005440846778426645,0.0035817178603798155,0.0,0.0,0.0,0.0
35.891175746917725,-0.09674907,-0.044080034,-4.7019753,-0.004745680452796198,nan,nan,nan,nan,nan,25.890182495117188,27.090182495117187,0.0005106925964355469,0.0,0.30426086226856863,0.0,-5.300765141530488,0.7299262024476897,-0.027261204961850725,0.003321908483744399,0.003989972351085426,0.0,0.0,0.0,0.0
35.99091601371765,-0.09770247,-0.007560214,-4.7247033,-0.004712325282078278,nan,nan,nan,nan,nan,25.989920377731323,27.189920377731323,0.0006229877471923828,0.0,0.3195001491049674,0.0,-5.26088986835696,0.726099308675435,-0.02996925838238664,0.0005598044963668293,0.0040255397133699255,0.0,0.0,0.0,0.0
36.090988636016846,-0.09706426,0.023014707,-4.748576,-0.0045868432966474065,nan,nan,nan,nan,nan,26.089990615844727,27.289990615844726,0.00039124488830566406,0.0,0.3318077523032896,0.0,-5.211165335930482,0.7221287963266957,-0.031770778853618876,-0.000969238861110034,0.0038581327942340104,0.0,0.0,0.0,0.0
36.1910035610199,-0.098086834,0.053992737,-4.772642,-0.004571520383656616,nan,nan,nan,nan,nan,26.19001054763794,27.39001054763794,0.0003552436828613281,0.0,0.34100917330712577,0.0,-5.15359240215186,0.7181927027801638,-0.02949473986673174,-0.0011001212549620431,0.003876424121249095,0.0,0.0,0.0,0.0
36.29128909111023,-0.1029993,0.0844704,-4.7914734,-0.003990631586931317,nan,nan,nan,nan,nan,26.290403127670288,27.490403127670287,0.0004646778106689453,0.0,0.3470417949028123,0.0,-5.090050739240946,0.7150185514096431,-0.028639304087928044,-0.0037307297429787583,0.0034384261935702575,0.0,0.0,0.0,0.0
36.39107966423035,-0.11450558,0.120260045,-4.8056607,-0.0019892223161672587,nan,nan,nan,nan,nan,26.39013957977295,27.59013957977295,0.0004668235778808594,0.0,0.34980130121494124,0.0,-5.023570475866909,0.7123249673782936,-0.02973101335102258,-0.008954541855272384,0.001989846071037802,0.0,0.0,0.0,0.0
36.49090361595154,-0.12294975,0.14805537,-4.810122,-2.7488532410250427e-06,nan,nan,nan,nan,nan,26.489933013916016,27.689933013916015,0.0004200935363769531,0.0,0.3493107772448733,0.0,-4.95617833739205,0.7103421553127997,-0.030229433161152966,-0.013827324969356583,3.501679717242898e-06,0.0,0.0,0.0,0.0
36.59142851829529,-0.1312784,0.17865922,-4.8102255,0.002264679648933579,nan,nan,nan,nan,nan,26.590506315231323,27.790506315231323,0.0004076957702636719,0.0,0.3455303482655863,0.0,-4.889911226314714,0.709189093466905,-0.028485947005820918,-0.015929177243549638,-0.001914183965520791,0.0,0.0,0.0,0.0
36.69108176231384,-0.13708928,0.20085463,-4.8091583,0.003348587570530033,nan,nan,nan,nan,nan,26.690102577209473,27.890102577209472,0.0004630088806152344,0.0,0.33857066331077235,0.0,-4.828368875976863,0.7087143014453323,-0.024566037891877165,-0.014859174914768875,-0.003100848735269518,0.0,0.0,0.0,0.0
36.79106259346008,-0.14780411,0.22973421,-4.800961,0.004540941441658378,nan,nan,nan,nan,nan,26.790467977523804,27.990467977523803,0.00044274330139160156,0.0,0.328385351150286,0.0,-4.772773986213503,0.7088788965144731,-0.02289414574144149,-0.01443933384714701,-0.004064436568066572,0.0,0.0,0.0,0.0
36.891135454177856,-0.15820712,0.2445109,-4.784575,0.005078945564004286,nan,nan,nan,nan,nan,26.890238761901855,28.090238761901855,0.00043654441833496094,0.0,0.3151990684179144,0.0,-4.725957369522029,0.7102032562311137,-0.01775212557671479,-0.014596345882050164,-0.004718446257511373,0.0,0.0,0.0,0.0
36.991360902786255,-0.16775656,0.2619998,-4.7652206,0.005649320113536464,nan,nan,nan,nan,nan,26.990490198135376,28.190490198135375,0.00040435791015625,0.0,0.2989988249096908,0.0,-4.689155291106375,0.71203566978166,-0.013415142012544137,-0.014015354449208754,-0.005121459942174031,0.0,0.0,0.0,0.0
37.09085774421692,-0.17736843,0.28062245,-4.7463536,0.006482994083455592,nan,nan,nan,nan,nan,27.089858055114746,28.289858055114745,0.0006482601165771484,0.0,0.2801721330793291,0.0,-4.664161197370527,0.7143536979233954,-0.011359351187709692,-0.01210019076007875,-0.005723661475200491,0.0,0.0,0.0,0.0
37.190744161605835,-0.18614936,0.2966076,-4.729479,0.0068773535598821815,nan,nan,nan,nan,nan,27.18975019454956,28.38975019454956,0.0007262229919433594,0.0,0.25864302078528795,0.0,-4.651490273012179,0.7168715081072985,-0.010986809718811696,-0.009509937348357785,-0.00612848068460916,0.0,0.0,0.0,0.0
37.29101514816284,-0.19374852,0.31117687,-4.7040195,0.006611410145772609,nan,nan,nan,nan,nan,27.290213108062744,28.490213108062743,0.00045180320739746094,0.0,0.23456094152495716,0.0,-4.651815902022013,0.7202609851884888,-0.01091659753346353,-0.005778797150019227,-0.0059483700617312275,0.0,0.0,0.0,0.0
37.39094400405884,-0.20475243,0.3159417,-4.6773853,0.006199214522412422,nan,nan,nan,nan,nan,27.390148401260376,28.590148401260375,0.0004968643188476562,0.0,0.20841195993000353,0.0,-4.665130780591022,0.7239088781169186,-0.008220351945086933,-0.0034628762810882965,-0.005471389393231519,0.0,0.0,0.0,0.0
37.49098300933838,-0.21524099,0.31807488,-4.6514874,0.005825866690738049,nan,nan,nan,nan,nan,27.490012645721436,28.690012645721435,0.0004150867462158203,0.0,0.18034020897507097,0.0,-4.6908841590571475,0.7275814030758738,-0.004340492244980394,-0.002020838668926373,-0.005098668440746741,0.0,0.0,0.0,0.0
37.59113121032715,-0.22407347,0.31832567,-4.6290703,0.005268264042219728,nan,nan,nan,nan,nan,27.59018111228943,28.790181112289428,0.0007877349853515625,0.0,0.15049631647574482,0.0,-4.728253647346919,0.7312755038314092,-0.0003782166395154622,-0.0009226474861941334,-0.004673228093740152,0.0,0.0,0.0,0.0
37.69079375267029,-0.23026545,0.31722283,-4.607963,0.004338099615563347,nan,nan,nan,nan,nan,27.68975520133972,28.88975520133972,0.0005564689636230469,0.0,0.11943158856876795,0.0,-4.775473700253327,0.7348253447690694,0.0024654084367186106,-0.0002973160434661774,-0.003926862318868774,0.0,0.0,0.0,0.0
37.790971517562866,-0.22582148,0.31479728,-4.5888634,0.0036308591523863867,nan,nan,nan,nan,nan,27.789910078048706,28.989910078048705,0.0004885196685791016,0.0,0.08707092726500879,0.0,-4.83133289707229,0.7382835073506305,0.002848536285733352,0.004643614614092332,-0.0031049751681066703,0.0,0.0,0.0,0.0
37.890729904174805,-0.22625777,0.3118742,-4.558786,0.0029061946706948182,nan,nan,nan,nan,nan,27.889712810516357,29.089712810516357,0.0005075931549072266,0.0,0.054012505276196485,0.0,-4.893269054090526,0.7419136795903807,0.0028975522520374233,0.009097062368799421,-0.002381889301185642,0.0,0.0,0.0,0.0
37.99086570739746,-0.22423953,0.30653438,-4.5363755,0.0026461481323420463,nan,nan,nan,nan,nan,27.989815711975098,29.189815711975097,0.0005085468292236328,0.0,0.020350387100110025,0.0,-4.959368083015634,0.7452346420865482,0.0018353587665074537,0.0115402280212865,-0.001896136410374263,0.0,0.0,0.0,0.0
38.09071207046509,-0.21723026,0.29688767,-4.5189066,0.0026627466647356855,nan,nan,nan,nan,nan,28.089696168899536,29.289696168899535,0.0005559921264648438,0.0,-0.013426925173546902,0.0,-5.026834082767666,0.7477941143834392,0.0016735912120679252,0.014275643404596134,-0.0017818537397257894,0.0,0.0,0.0,0.0
38.19084095954895,-0.20522828,0.2844984,-4.5125694,0.0029010827386579414,nan,nan,nan,nan,nan,28.189820051193237,29.389820051193237,0.0007627010345458984,0.0,-0.047160780389618344,0.0,-5.0934613760914695,0.7493300080498869,0.0027055575693494204,0.018684710177002926,-0.0018223979749935496,0.0,0.0,0.0,0.0
38.291812896728516,-0.18979831,0.26393643,-4.5107346,0.003023249927560581,nan,nan,nan,nan,nan,28.290790796279907,29.490790796279907,0.0004849433898925781,0.0,-0.08073203323711264,0.0,-5.157109979776586,0.7502120360930516,0.006276748136540262,0.02286602376624548,-0.0019214490777934195,0.0,0.0,0.0,0.0
38.3913311958313,-0.17767431,0.24234703,-4.512924,0.0030718626360777095,nan,nan,nan,nan,nan,28.390385627746582,29.59038562774658,0.0005044937133789062,0.0,-0.11309438451844979,0.0,-5.214055025100625,0.7500305668667501,0.010807670482845727,0.02483589072068561,-0.001987057541854895,0.0,0.0,0.0,0.0
38.490806579589844,-0.16467717,0.21724159,-4.5230966,0.0028290817774729096,nan,nan,nan,nan,nan,28.489763498306274,29.689763498306274,0.000873565673828125,0.0,-0.14434246940032017,0.0,-5.26299188744999,0.7491199019387662,0.014604520303541282,0.024261829594923567,-0.002001445708977351,0.0,0.0,0.0,0.0
38.5912709236145,-0.15140375,0.19099885,-4.538503,0.002116806787281853,nan,nan,nan,nan,nan,28.590230226516724,29.790230226516723,0.0009129047393798828,0.0,-0.1745789568283521,0.0,-5.302621739024487,0.7473955941057059,0.0185925841746637,0.021719755324288867,-0.0017142081480406805,0.0,0.0,0.0,0.0
38.69075298309326,-0.13512972,0.1588386,-4.562172,0.0005060795385926301,nan,nan,nan,nan,nan,28.68990135192871,29.88990135192871,0.0010209083557128906,0.0,-0.2029509695057069,0.0,-5.330694884053558,0.7450526946448622,0.02285428165295797,0.019219860523813626,-0.00067608352351964,0.0,0.0,0.0,0.0
38.790794134140015,-0.117949724,0.12706068,-4.5853477,-0.0012025436858492198,nan,nan,nan,nan,nan,28.78974223136902,29.989742231369018,0.00046133995056152344,0.0,-0.22948388436059872,0.0,-5.346543205046189,0.7421475786275668,0.027002322383330096,0.017405602357791084,0.0006629897820935786,0.0,0.0,0.0,0.0
38.890716314315796,-0.10574054,0.09622076,-4.607987,-0.002608738988273811,nan,nan,nan,nan,nan,28.889657020568848,30.089657020568847,0.0010204315185546875,0.0,-0.25389819006925146,0.0,-5.349517724119382,0.7389576822965924,0.028376834114893563,0.014202180117704735,0.0018726517346314298,0.0,0.0,0.0,0.0
38.99079942703247,-0.10003857,0.0722045,-4.6288323,-0.0035349618700945213,nan,nan,nan,nan,nan,28.989742755889893,30.189742755889892,0.0008661746978759766,0.0,-0.27598152507583396,0.0,-5.3394632663957475,0.7354436040593411,0.026659676175527485,0.008454056920429978,0.0027865617341619087,0.0,0.0,0.0,0.0
39.09139895439148,-0.098247044,0.04311803,-4.6572056,-0.0043501818512671295,nan,nan,nan,nan,nan,29.09037208557129,30.29037208557129,0.0005388259887695312,0.0,-0.29558220789386896,0.0,-5.3165821871431795,0.7316387024445391,0.023687960633450533,0.0007539989531726356,0.0034545326256197146,0.0,0.0,0.0,0.0
39.19127345085144,-0.10077738,0.021075793,-4.6808934,-0.004894140423709005,nan,nan,nan,nan,nan,29.19020104408264,30.39020104408264,0.0005183219909667969,0.0,-0.31226609095788205,0.0,-5.282077818731821,0.7277998505661716,0.020004780035594635,-0.008336577723465034,0.004047313263763897,0.0,0.0,0.0,0.0
39.29110836982727,-0.11563247,-0.007895241,-4.7031717,-0.005630640208587193,nan,nan,nan,nan,nan,29.290101766586304,30.490101766586303,0.0005345344543457031,0.0,-0.3260532142401581,0.0,-5.237063391106874,0.7243511810794631,0.017204657678942182,-0.018888937384940418,0.004594979098195002,0.0,0.0,0.0,0.0
39.390846490859985,-0.12706512,-0.030337464,-4.720721,-0.0059751249092654495,nan,nan,nan,nan,nan,29.389851808547974,30.589851808547973,0.0007512569427490234,0.0,-0.3367882324963812,0.0,-5.183320377930205,0.7207120838347867,0.015668814659608538,-0.028484884433805212,0.005071056682488852,0.0,0.0,0.0,0.0
39.490907192230225,-0.13412362,-0.053815767,-4.7413898,-0.0059624246943816486,nan,nan,nan,nan,nan,29.48984932899475,30.68984932899475,0.0005147457122802734,0.0,-0.3444093530469816,0.0,-5.122624063316739,0.7171384569224207,0.014793127268294197,-0.033103241656245896,0.0052316162943090725,0.0,0.0,0.0,0.0
39.59076452255249,-0.1348933,-0.07689844,-4.7618985,-0.005675108333266177,nan,nan,nan,nan,nan,29.589672088623047,30.789672088623046,0.0003941059112548828,0.0,-0.34881010929621287,0.0,-5.0574756828756655,0.7139586067320998,0.01389437084916985,-0.03010055376102397,0.005055436098652771,0.0,0.0,0.0,0.0
39.69091820716858,-0.13321869,-0.09725961,-4.7828183,-0.0053608809434026435,nan,nan,nan,nan,nan,29.689937114715576,30.889937114715575,0.0005130767822265625,0.0,-0.34996351646098295,0.0,-4.989894195207938,0.7112340311347947,0.011636250687422998,-0.023019399002223946,0.004763412887737062,0.0,0.0,0.0,0.0
39.79099726676941,-0.12912607,-0.11225207,-4.797527,-0.005311013568808929,nan,nan,nan,nan,nan,29.789909601211548,30.989909601211547,0.00041484832763671875,0.0,-0.34784306462556,0.0,-4.922884309806473,0.7088729951680568,0.009407614316299162,-0.0153753920666666,0.004599698026834594,0.0,0.0,0.0,0.0
39.890634059906006,-0.12379229,-0.1253746,-4.8111076,-0.0049652136939610635,nan,nan,nan,nan,nan,29.88952875137329,31.08952875137329,0.0005156993865966797,0.0,-0.34250131389041477,0.0,-4.858964942032753,0.707194409193276,0.007505592941185063,-0.007053886183163645,0.004362796253188447,0.0,0.0,0.0,0.0
39.990687131881714,-0.11728141,-0.13991988,-4.8251314,-0.004372220226042527,nan,nan,nan,nan,nan,29.98961877822876,31.18961877822876,0.00043892860412597656,0.0,-0.333938341566065,0.0,-4.799999120351832,0.7060829236002897,0.007227724708976782,0.0008954980926995207,0.003833977605149738,0.0,0.0,0.0,0.0
