timestamp;tag;duration;package_0
1763566518.7240386;start;0.0056400299072265625;160461.0
1763566518.7454033;start;0.005242109298706055;140320.0
1763566518.7659438;start;0.007821798324584961;174927.0
1763566518.786524;start;0.007183551788330078;204040.0
1763566518.8087711;start;0.005556344985961914;176269.0
1763566518.8301506;start;0.005577564239501953;115478.0
1763566518.8489494;start;0.006507158279418945;198791.0
1763566518.8684757;start;0.006866931915283203;200316.0
1763566518.8889186;start;0.006195068359375;195312.0
1763566518.9086795;start;0.005482912063598633;130432.0
1763566518.9281044;start;0.005335092544555664;166199.0
1763566518.94825;start;0.006496906280517578;158630.0
1763566518.9673958;start;0.007900238037109375;219909.0
1763566518.9878848;start;0.005631923675537109;176879.0
1763566519.0070207;start;0.005523204803466797;157958.0
1763566519.0270462;start;0.005510091781616211;185241.0
1763566519.0464268;start;0.005805492401123047;107422.0
1763566519.065402;start;0.007215976715087891;131530.0
1763566519.084979;start;0.008312225341796875;216186.0
1763566519.1083317;start;0.005379915237426758;148864.0
1763566519.12592;start;0.005543708801269531;132812.0
1763566519.1453428;start;0.005152702331542969;156554.0
1763566519.164435;start;0.007062673568725586;177856.0
1763566519.1841836;start;0.006291627883911133;216125.0
1763566519.20366;start;0.01117706298828125;309386.0
1763566519.230032;start;0.006249427795410156;142944.0
1763566519.2502651;start;0.0073926448822021484;221496.0
1763566519.2703536;start;0.0062825679779052734;170288.0
1763566519.2907085;start;0.0056498050689697266;174499.0
1763566519.312178;start;0.005925416946411133;120056.0
1763566519.3312836;start;0.007998466491699219;221374.0
1763566519.3516579;start;0.006670475006103516;207214.0
1763566519.371631;start;0.0058383941650390625;177368.0
1763566519.3918178;start;0.005582571029663086;153503.0
1763566519.4120765;start;0.005124092102050781;186706.0
1763566519.4345698;start;0.007364749908447266;226134.0
1763566519.4547904;start;0.006253957748413086;183288.0
1763566519.4739513;start;0.006216287612915039;167602.0
1763566519.4958816;start;0.005262136459350586;178528.0
1763566519.5444973;start;0.005198955535888672;145874.0
1763566519.5639877;start;0.005171775817871094;131592.0
1763566519.5816476;start;0.0057697296142578125;152465.0
1763566519.6021545;start;0.007408618927001953;215148.0
1763566519.6225502;start;0.005822896957397461;147461.0
1763566519.6425483;start;0.0055005550384521484;165099.0
1763566519.6619675;start;0.005376100540161133;144104.0
1763566519.6814728;start;0.005581855773925781;142395.0
1763566519.6998768;start;0.006727695465087891;238342.0
1763566519.719;start;0.010785102844238281;282470.0
1763566519.7444868;start;0.005604267120361328;124878.0
1763566519.7641346;start;0.005463600158691406;139892.0
1763566519.7828739;start;0.0071599483489990234;203612.0
1763566519.801845;start;0.009818077087402344;292358.0
1763566519.825142;start;0.005496501922607422;178832.0
1763566519.8445714;start;0.005276203155517578;124756.0
1763566519.8634298;start;0.005247592926025391;150024.0
1763566519.882545;start;0.006272554397583008;179137.0
1763566519.901009;start;0.007295370101928711;220947.0
1763566519.921463;start;0.005852937698364258;142516.0
1763566519.9400291;start;0.005989789962768555;181641.0
1763566519.9613442;start;0.005400180816650391;115722.0
1763566519.980837;start;0.005881786346435547;151306.0
1763566520.0017447;start;0.007478475570678711;217163.0
1763566520.0215025;start;0.006281137466430664;166015.0
1763566520.0411177;start;0.005264759063720703;155578.0
1763566520.0601115;start;0.005521297454833984;151978.0
1763566520.0808861;start;0.005342006683349609;141296.0
1763566520.1009946;start;0.008726835250854492;245116.0
1763566520.123866;start;0.0054547786712646484;161499.0
1763566520.1422906;start;0.0053179264068603516;148254.0
1763566520.161614;start;0.006047725677490234;191344.0
1763566520.1832361;start;0.0068416595458984375;181396.0
1763566520.202;start;0.006707668304443359;190612.0
1763566520.2217274;start;0.0062410831451416016;187378.0
1763566520.240438;start;0.005823850631713867;160522.0
1763566520.2606354;start;0.005492210388183594;181274.0
1763566520.2804506;start;0.0052471160888671875;128113.0
1763566520.2996624;start;0.006978511810302734;212768.0
1763566520.3239822;start;0.005553483963012695;167113.0
1763566520.344502;start;0.005321025848388672;134338.0
1763566520.3646493;start;0.005164384841918945;111389.0
1763566520.3832648;start;0.005748271942138672;168579.0
1763566520.4009976;start;0.007137298583984375;220153.0
1763566520.4204588;start;0.007509469985961914;225707.0
1763566520.4410694;start;0.006087064743041992;177429.0
1763566520.4615772;start;0.005431175231933594;165344.0
1763566520.480828;start;0.0054950714111328125;124450.0
1763566520.4998574;start;0.006844043731689453;214905.0
1763566520.5189972;start;0.0065686702728271484;185425.0
1763566520.5391364;start;0.00944662094116211;281982.0
1763566520.5627303;start;0.005414485931396484;141113.0
1763566520.5816593;start;0.005469322204589844;124633.0
1763566520.599913;start;0.005762338638305664;209472.0
1763566520.618044;start;0.006340980529785156;179198.0
1763566520.6359444;start;0.006951332092285156;217956.0
1763566520.65528;start;0.0062029361724853516;168457.0
1763566520.6743915;start;0.005441427230834961;164733.0
1763566520.6933887;start;0.0051839351654052734;151001.0
1763566520.7114673;start;0.005155801773071289;136902.0
1763566520.7307732;start;0.005403757095336914;153137.0
1763566520.7487512;start;0.005430936813354492;132629.0
1763566520.7678282;start;0.007274150848388672;196716.0
1763566520.790808;start;0.005883932113647461;164550.0
1763566520.81142;start;0.0053865909576416016;139038.0
1763566520.8306391;start;0.005156993865966797;128967.0
1763566520.8488164;start;0.005963325500488281;207580.0
1763566520.8682165;start;0.007740497589111328;208435.0
1763566520.8885636;start;0.006398439407348633;179137.0
1763566520.9085324;start;0.005383014678955078;144287.0
1763566520.9281504;start;0.005486488342285156;152405.0
1763566520.9471025;start;0.005097389221191406;170104.0
1763566520.9659545;start;0.006073474884033203;175354.0
1763566520.9857802;start;0.006852626800537109;211365.0
1763566521.005442;start;0.006219148635864258;237548.0
1763566521.024617;start;0.006016969680786133;163208.0
1763566521.0468428;start;0.005265235900878906;120117.0
1763566521.0654032;start;0.0054280757904052734;84717.0
1763566521.0848098;start;0.009593725204467773;261596.0
1763566521.1077108;start;0.006222724914550781;186340.0
1763566521.1274028;start;0.0055959224700927734;115967.0
1763566521.1518037;start;0.006673574447631836;207702.0
1763566521.170499;start;0.00861978530883789;263000.0
1763566521.1935081;start;0.005643367767333984;142822.0
1763566521.2142992;start;0.005186319351196289;117309.0
1763566521.2331383;start;0.005382537841796875;87097.0
1763566521.2516165;start;0.007276058197021484;207885.0
1763566521.2720742;start;0.0072286128997802734;280761.0
1763566521.2943685;start;0.005292654037475586;138672.0
1763566521.3157115;start;0.005675792694091797;97167.0
1763566521.338101;start;0.006764888763427734;246765.0
1763566521.3591058;start;0.005684375762939453;158630.0
1763566521.378923;start;0.005115985870361328;143554.0
1763566521.3971944;start;0.0052983760833740234;158447.0
1763566521.4181561;start;0.008374691009521484;261169.0
1763566521.4399273;start;0.0057260990142822266;177429.0
1763566521.4587786;start;0.005888700485229492;171448.0
1763566521.4798305;start;0.005177021026611328;169494.0
1763566521.499888;start;0.0058100223541259766;185424.0
1763566521.5176888;start;0.006290435791015625;193969.0
1763566521.537016;start;0.010323286056518555;315185.0
1763566521.5601933;start;0.0054967403411865234;179137.0
1763566521.579379;start;0.005234241485595703;162170.0
1763566521.6015673;start;0.006474018096923828;207153.0
1763566521.6202364;start;0.007460594177246094;242187.0
1763566521.6416044;start;0.009109735488891602;232300.0
1763566521.6658027;start;0.007984399795532227;226135.0
1763566521.686036;start;0.007641315460205078;198669.0
1763566521.7074013;start;0.006129026412963867;198425.0
1763566521.7263124;start;0.005445718765258789;163696.0
1763566521.745604;start;0.005345582962036133;143554.0
1763566521.7658603;start;0.005589485168457031;105346.0
1763566521.7855556;start;0.006235837936401367;203247.0
1763566521.8044138;start;0.00784158706665039;283813.0
1763566521.826202;start;0.005647182464599609;160706.0
1763566521.844757;start;0.005202054977416992;131775.0
1763566521.8653548;start;0.005391836166381836;118225.0
1763566521.8835013;start;0.0052835941314697266;107666.0
1763566521.901591;start;0.008899927139282227;226440.0
1763566521.9277234;start;0.007924556732177734;200378.0
1763566521.950413;start;0.0061986446380615234;179138.0
1763566521.9693725;start;0.007188081741333008;213806.0
1763566521.989748;start;0.007310152053833008;242248.0
1763566522.0104837;start;0.005741596221923828;167968.0
1763566522.0292828;start;0.005278825759887695;140808.0
1763566522.0472708;start;0.005032539367675781;142761.0
1763566522.0653238;start;0.005187273025512695;108887.0
1763566522.0838382;start;0.005288124084472656;94055.0
1763566522.102286;start;0.008502483367919922;240295.0
1763566522.1238358;start;0.007628440856933594;211791.0
1763566522.1455517;start;0.005357265472412109;131469.0
1763566522.1669497;start;0.007768392562866211;245238.0
1763566522.189256;start;0.0059778690338134766;162902.0
1763566522.2092304;start;0.00626063346862793;182555.0
1763566522.2289054;start;0.005186796188354492;130188.0
1763566522.2477615;start;0.0050220489501953125;145019.0
1763566522.2672431;start;0.006532907485961914;135803.0
1763566522.2857203;start;0.006760597229003906;185485.0
1763566522.3052363;start;0.006981849670410156;188110.0
1763566522.3243597;start;0.0057599544525146484;148987.0
1763566522.3429928;start;0.005232334136962891;150329.0
1763566522.3609717;start;0.0052716732025146484;137146.0
1763566522.3803182;start;0.0052568912506103516;156372.0
1763566522.3996239;start;0.005316734313964844;131347.0
1763566522.4193914;start;0.007390499114990234;197693.0
1763566522.4389362;start;0.006840705871582031;267760.0
1763566522.4595637;start;0.0055789947509765625;137817.0
1763566522.481627;start;0.008785009384155273;194702.0
1763566522.5051172;start;0.007683992385864258;267333.0
1763566522.5252216;start;0.005306243896484375;165222.0
1763566522.5441425;start;0.005419731140136719;169067.0
1763566522.562935;start;0.0058481693267822266;179077.0
1763566522.5823073;start;0.005317211151123047;130005.0
1763566522.601171;start;0.0056879520416259766;83862.0
1763566522.6211548;start;0.007908821105957031;234985.0
1763566522.641644;start;0.005549907684326172;170227.0
1763566522.6615806;start;0.005721092224121094;154418.0
1763566522.6814597;start;0.00518035888671875;130127.0
1763566522.701616;start;0.006108999252319336;175415.0
1763566522.719988;start;0.009600639343261719;247375.0
1763566522.7451;start;0.0060503482818603516;169128.0
1763566522.7659295;start;0.005208730697631836;142577.0
1763566522.7860754;start;0.0068149566650390625;226501.0
1763566522.8048916;start;0.010282039642333984;312683.0
1763566522.8289065;start;0.005179643630981445;131592.0
1763566522.8470752;start;0.0050351619720458984;134827.0
1763566522.8651257;start;0.0052721500396728516;138916.0
1763566522.884274;start;0.005134105682373047;99792.0
1763566522.9041605;start;0.007420778274536133;234191.0
1763566522.9245384;start;0.00588536262512207;142944.0
1763566522.9433336;start;0.005331277847290039;156676.0
1763566522.9624357;start;0.005660295486450195;174926.0
1763566522.9815242;start;0.00498199462890625;132018.0
1763566523.0014827;start;0.005331516265869141;122375.0
1763566523.0191512;start;0.0061473846435546875;208801.0
1763566523.037383;start;0.008284330368041992;241271.0
1763566523.0588758;start;0.0056896209716796875;142639.0
1763566523.0790486;start;0.005217552185058594;154968.0
1763566523.0985155;start;0.005460023880004883;166565.0
1763566523.1257987;start;0.0059816837310791016;176269.0
1763566523.1457508;start;0.0053865909576416016;118346.0
1763566523.1677263;start;0.005631446838378906;147338.0
1763566523.1919682;start;0.00602269172668457;170715.0
1763566523.2112706;start;0.005178213119506836;114990.0
1763566523.2306373;start;0.005501270294189453;132568.0
1763566523.2509937;start;0.005199432373046875;110412.0
1763566523.2692447;start;0.006317138671875;192260.0
1763566523.2871995;start;0.0070149898529052734;196654.0
1763566523.306748;start;0.0064105987548828125;242431.0
1763566523.3260033;start;0.005775928497314453;153503.0
1763566523.34852;start;0.005284309387207031;180664.0
1763566523.3672786;start;0.005631923675537109;141357.0
1763566523.3874753;start;0.008075952529907227;221069.0
1763566523.4080005;start;0.007609367370605469;241088.0
1763566523.430069;start;0.005585432052612305;159668.0
1763566523.4519417;start;0.006062984466552734;176879.0
1763566523.472296;start;0.007011890411376953;188537.0
1763566523.4926748;start;0.005719423294067383;174988.0
1763566523.5130215;start;0.005499124526977539;173950.0
1763566523.534977;start;0.006304502487182617;119568.0
1763566523.5543025;start;0.009282827377319336;265197.0
1763566523.583197;start;0.005398750305175781;153442.0
1763566523.603331;start;0.007363796234130859;199218.0
1763566523.6223862;start;0.006844520568847656;198974.0
1763566523.6417844;start;0.006217479705810547;157043.0
1763566523.6603076;start;0.0057947635650634766;190491.0
1763566523.6798458;start;0.005175113677978516;128600.0
1763566523.6983786;start;0.005277156829833984;155822.0
1763566523.7178926;start;0.005634307861328125;151367.0
1763566523.7395904;start;0.006902456283569336;213867.0
1763566523.7594914;start;0.005673408508300781;147827.0
1763566523.7786174;start;0.005048513412475586;161803.0
1763566523.8009074;start;0.005777597427368164;114868.0
1763566523.8195505;start;0.007192373275756836;201233.0
1763566523.8391728;start;0.007269620895385742;267090.0
1763566523.8591719;start;0.006144046783447266;176635.0
1763566523.8797984;start;0.005312919616699219;143677.0
1763566523.898839;start;0.0062253475189208984;170166.0
1763566523.9186196;start;0.005251169204711914;119994.0
1763566523.9363217;start;0.006030559539794922;189514.0
1763566523.9544394;start;0.006883859634399414;194030.0
1763566523.9731767;start;0.006788730621337891;230346.0
1763566523.9929144;start;0.005428314208984375;173767.0
1763566524.0110824;start;0.005450725555419922;153014.0
1763566524.0309145;start;0.0052967071533203125;163024.0
1763566524.0498908;start;0.004952430725097656;146118.0
1763566524.0688035;start;0.0054318904876708984;76599.0
1763566524.0876422;start;0.006518363952636719;176879.0
1763566524.1070638;start;0.007317543029785156;224487.0
1763566524.1270916;start;0.005784273147583008;165466.0
1763566524.1473796;start;0.00556635856628418;177124.0
1763566524.1666806;start;0.005297422409057617;127197.0
1763566524.185803;start;0.0053997039794921875;65002.0
1763566524.2039332;start;0.007435321807861328;234802.0
1763566524.2253058;start;0.005823612213134766;178772.0
1763566524.2442067;start;0.0060291290283203125;173767.0
1763566524.2646487;start;0.005706787109375;178039.0
1763566524.288796;start;0.00816965103149414;236633.0
1763566524.3103538;start;0.0057294368743896484;168029.0
1763566524.3298209;start;0.00603938102722168;172118.0
1763566524.3529963;start;0.00671839714050293;162720.0
1763566524.3720696;start;0.010279655456542969;258422.0
1763566524.4001536;start;0.005048274993896484;162536.0
1763566524.418045;start;0.005312204360961914;114257.0
1763566524.436859;start;0.006910085678100586;191406.0
1763566524.4557743;start;0.007266521453857422;213989.0
1763566524.476576;start;0.005809307098388672;155212.0
1763566524.495984;start;0.005510091781616211;204101.0
1763566524.5155454;start;0.005106210708618164;175109.0
1763566524.534335;start;0.005577802658081055;119140.0
1763566524.5538862;start;0.008387327194213867;244140.0
1763566524.5743134;start;0.011230707168579102;286132.0
1763566524.5997612;start;0.005345582962036133;213561.0
1763566524.619083;start;0.005400896072387695;80077.0
1763566524.6380706;start;0.008749246597290039;247985.0
1763566524.6621547;start;0.009246587753295898;242187.0
1763566524.686545;start;0.005685567855834961;147949.0
1763566524.7047722;start;0.006979465484619141;220947.0
1763566524.7240722;start;0.006516933441162109;223389.0
1763566524.7448902;start;0.005663871765136719;151916.0
1763566524.7671993;start;0.005229949951171875;131286.0
1763566524.7857273;start;0.00583195686340332;177185.0
1763566524.8042395;start;0.006968498229980469;197021.0
1763566524.8225665;start;0.009638547897338867;285095.0
1763566524.8469245;start;0.005404949188232422;155762.0
1763566524.8653789;start;0.0053365230560302734;141113.0
1763566524.884797;start;0.005452156066894531;124450.0
1763566524.9037144;start;0.007170438766479492;257141.0
1763566524.927327;start;0.005585670471191406;160888.0
1763566524.947672;start;0.005753993988037109;175292.0
1763566524.968201;start;0.005167722702026367;143799.0
1763566524.9871075;start;0.006600141525268555;186095.0
1763566525.005608;start;0.009361505508422852;246154.0
1763566525.0282254;start;0.005759716033935547;154480.0
1763566525.0468667;start;0.005303382873535156;156432.0
1763566525.0671022;start;0.005288124084472656;163574.0
1763566525.0861468;start;0.005285978317260742;114319.0
1763566525.103709;start;0.00575709342956543;205566.0
1763566525.1216848;start;0.006144285202026367;193970.0
1763566525.139387;start;0.0065343379974365234;203124.0
1763566525.158043;start;0.006223917007446289;246276.0
1763566525.1768005;start;0.00583958625793457;179382.0
1763566525.195428;start;0.005635738372802734;155944.0
1763566525.213997;start;0.005571126937866211;171875.0
1763566525.234282;start;0.005078315734863281;153198.0
1763566525.252734;start;0.005408763885498047;96313.0
1763566525.2723413;start;0.007592678070068359;229918.0
1763566525.2921615;start;0.006361722946166992;228026.0
1763566525.3124826;start;0.0060460567474365234;162475.0
1763566525.3342843;start;0.0051326751708984375;172485.0
1763566525.3536155;start;0.006177425384521484;209289.0
1763566525.3725343;start;0.007110595703125;202881.0
1763566525.3931344;start;0.006560087203979492;188049.0
1763566525.4145887;start;0.007103919982910156;204956.0
1763566525.4360356;start;0.007199764251708984;194762.0
1763566525.4555535;start;0.006833076477050781;218750.0
1763566525.4748917;start;0.006700992584228516;200744.0
1763566525.494545;start;0.005767107009887695;176391.0
1763566525.5153823;start;0.005208015441894531;134216.0
1763566525.5342367;start;0.005980253219604492;126159.0
1763566525.5560858;start;0.007477283477783203;214660.0
1763566525.5753953;start;0.007456779479980469;213500.0
1763566525.5970147;start;0.006205558776855469;186096.0
1763566525.6178062;start;0.005178689956665039;158324.0
1763566525.6404433;start;0.006804704666137695;218505.0
1763566525.6601102;start;0.005876064300537109;175842.0
1763566525.6800606;start;0.00548863410949707;146484.0
1763566525.6983829;start;0.005614519119262695;135193.0
1763566525.721597;start;0.006301403045654297;186401.0
1763566525.7398503;start;0.00907754898071289;224242.0
1763566525.7626357;start;0.0057451725006103516;161621.0
1763566525.7818217;start;0.0058803558349609375;167663.0
1763566525.8044477;start;0.0057942867279052734;181396.0
1763566525.8225942;start;0.0069386959075927734;222412.0
1763566525.8421984;start;0.0068399906158447266;243591.0
1763566525.8625388;start;0.005586862564086914;174194.0
1763566525.8820255;start;0.005324840545654297;153198.0
1763566525.901645;start;0.005196332931518555;168762.0
1763566525.9218137;start;0.007467031478881836;194946.0
1763566525.9410164;start;0.007496833801269531;232239.0
1763566525.9612675;start;0.0058901309967041016;157410.0
1763566525.9802809;start;0.005269050598144531;143920.0
1763566525.9996865;start;0.005301713943481445;169189.0
1763566526.0176115;start;0.005246639251708984;142760.0
1763566526.035866;start;0.005335807800292969;144226.0
1763566526.0536911;start;0.005301952362060547;120483.0
1763566526.0723553;start;0.00762939453125;233032.0
1763566526.0916336;start;0.006196498870849609;233398.0
1763566526.110169;start;0.006242036819458008;189819.0
1763566526.1293538;start;0.005676984786987305;160278.0
1763566526.1491632;start;0.005421638488769531;148804.0
1763566526.1684375;start;0.005106210708618164;146912.0
1763566526.189995;start;0.007413148880004883;216980.0
1763566526.2108521;start;0.006441831588745117;138306.0
1763566526.2310927;start;0.005896329879760742;195373.0
1763566526.2514167;start;0.005239963531494141;139220.0
1763566526.2712476;start;0.005864381790161133;170715.0
1763566526.2891035;start;0.00640106201171875;182129.0
1763566526.3076048;start;0.007589101791381836;211791.0
1763566526.3268135;start;0.00643157958984375;276733.0
1763566526.34617;start;0.0053632259368896484;156189.0
1763566526.3645613;start;0.0053937435150146484;162659.0
1763566526.384082;start;0.005049228668212891;142883.0
1763566526.4018226;start;0.0051729679107666016;145080.0
1763566526.4201062;start;0.005449771881103516;136108.0
1763566526.4381049;start;0.006319999694824219;163879.0
1763566526.4569113;start;0.007011890411376953;186889.0
1763566526.477369;start;0.011548757553100586;280272.0
1763566526.5042114;start;0.007017850875854492;194580.0
1763566526.5233927;start;0.006866931915283203;233825.0
1763566526.542606;start;0.006270647048950195;183776.0
1763566526.5608718;start;0.006254434585571289;166442.0
1763566526.5814495;start;0.005459308624267578;140747.0
1763566526.5996356;start;0.005532503128051758;132873.0
1763566526.6212292;start;0.006182432174682617;139099.0
1763566526.6395543;start;0.007328033447265625;200989.0
1763566526.6597586;start;0.006604671478271484;205321.0
1763566526.680006;start;0.005437612533569336;176147.0
1763566526.6990817;start;0.0054585933685302734;147583.0
1763566526.72075;start;0.005265951156616211;88012.0
1763566526.739018;start;0.008281469345092773;199523.0
1763566526.761697;start;0.006113290786743164;173339.0
1763566526.78162;start;0.005091667175292969;152587.0
1763566526.7990627;start;0.005169868469238281;155456.0
1763566526.819323;start;0.005155324935913086;131958.0
1763566526.8381279;start;0.0055544376373291016;167724.0
1763566526.8565595;start;0.007137298583984375;181274.0
1763566526.8783643;start;0.007875919342041016;192932.0
1763566526.900101;start;0.00528264045715332;134277.0
1763566526.919134;start;0.005136251449584961;121826.0
1763566526.9370563;start;0.0050868988037109375;173950.0
1763566526.9551451;start;0.005855083465576172;145630.0
1763566526.973273;start;0.006644725799560547;204346.0
1763566526.9929364;start;0.006696939468383789;218445.0
1763566527.011902;start;0.0059413909912109375;178893.0
1763566527.0303826;start;0.005433559417724609;181640.0
1763566527.0487127;start;0.0053119659423828125;144408.0
1763566527.0681665;start;0.0053369998931884766;177002.0
1763566527.087396;start;0.005394697189331055;170837.0
1763566527.1064136;start;0.00651860237121582;199828.0
1763566527.1253905;start;0.008229255676269531;237182.0
1763566527.1479714;start;0.005521059036254883;163452.0
1763566527.1694763;start;0.005181550979614258;132812.0
1763566527.1883125;start;0.005372285842895508;188537.0
1763566527.206339;start;0.006636619567871094;183349.0
1763566527.224377;start;0.009307622909545898;235412.0
1763566527.2481966;start;0.00569605827331543;174682.0
1763566527.2683308;start;0.006134033203125;185790.0
1763566527.2886138;start;0.0059816837310791016;186828.0
1763566527.3069599;start;0.006330728530883789;182251.0
1763566527.3251622;start;0.007659435272216797;239074.0
1763566527.3457606;start;0.006627798080444336;191589.0
1763566527.3684661;start;0.005490779876708984;165221.0
1763566527.3879876;start;0.0058019161224365234;140930.0
1763566527.4065385;start;0.007898330688476562;217041.0
1763566527.4265532;start;0.009690046310424805;253539.0
1763566527.4507854;start;0.005480766296386719;163025.0
1763566527.4701674;start;0.005610466003417969;121948.0
1763566527.4900703;start;0.007835626602172852;241943.0
1763566527.5098972;start;0.007999420166015625;286620.0
1763566527.5323513;start;0.005426168441772461;155151.0
1763566527.5500534;start;0.005391836166381836;134644.0
1763566527.5693038;start;0.005145549774169922;154663.0
1763566527.5900319;start;0.00708317756652832;211731.0
1763566527.613002;start;0.006051063537597656;175232.0
1763566527.6349614;start;0.0059087276458740234;175171.0
1763566527.6547084;start;0.006354093551635742;160156.0
1763566527.6748605;start;0.0067138671875;203064.0
1763566527.694877;start;0.010267496109008789;263977.0
1763566527.7189353;start;0.005193948745727539;138610.0
1763566527.7375762;start;0.005242347717285156;99792.0
1763566527.7552884;start;0.005454540252685547;175171.0
1763566527.7743647;start;0.00916600227355957;245544.0
1763566527.7979832;start;0.005616903305053711;183044.0
1763566527.817561;start;0.005320072174072266;141174.0
1763566527.8369312;start;0.005241870880126953;131469.0
1763566527.8559883;start;0.0065119266510009766;189330.0
1763566527.8748684;start;0.0070171356201171875;221007.0
1763566527.895413;start;0.005858659744262695;139648.0
1763566527.9153032;start;0.005277395248413086;141602.0
1763566527.9338036;start;0.00567317008972168;152465.0
1763566527.9537904;start;0.005655765533447266;148804.0
1763566527.9724715;start;0.006278514862060547;178588.0
1763566527.9918344;start;0.006518840789794922;168701.0
1763566528.0109692;start;0.006504535675048828;182861.0
1763566528.0316777;start;0.007256507873535156;177124.0
1763566528.0525546;start;0.0050241947174072266;140442.0
1763566528.0709565;start;0.0053675174713134766;147888.0
1763566528.0893164;start;0.005658388137817383;140441.0
1763566528.1088796;start;0.006790637969970703;228699.0
1763566528.1269171;start;0.007552146911621094;264282.0
1763566528.1478488;start;0.005322933197021484;169067.0
1763566528.1680355;start;0.005288839340209961;175292.0
1763566528.1874204;start;0.0054056644439697266;134033.0
1763566528.2079425;start;0.00760197639465332;218505.0
1763566528.229493;start;0.006087541580200195;186890.0
1763566528.25026;start;0.005518913269042969;208618.0
1763566528.2702458;start;0.005155324935913086;144470.0
1763566528.2891326;start;0.005295991897583008;107544.0
1763566528.3081799;start;0.008276224136352539;249816.0
1763566528.3301888;start;0.0058329105377197266;185546.0
1763566528.3503466;start;0.005506992340087891;172791.0
1763566528.3703485;start;0.0050809383392333984;137451.0
1763566528.3882685;start;0.005618572235107422;142395.0
1763566528.406921;start;0.00583648681640625;176879.0
1763566528.4250898;start;0.006998538970947266;181762.0
1763566528.4440548;start;0.0069315433502197266;250060.0
1763566528.4624655;start;0.005911588668823242;196837.0
1763566528.4818292;start;0.0053517818450927734;128540.0
1763566528.5000358;start;0.005228281021118164;160766.0
1763566528.518153;start;0.005289316177368164;122741.0
1763566528.537618;start;0.005071163177490234;130798.0
1763566528.556204;start;0.00537872314453125;86975.0
1763566528.5747166;start;0.006719112396240234;200073.0
1763566528.594775;start;0.01005244255065918;298401.0
1763566528.617866;start;0.0053632259368896484;147033.0
1763566528.6370773;start;0.00515437126159668;156494.0
1763566528.6549256;start;0.005150556564331055;107788.0
1763566528.6738746;start;0.006761789321899414;175720.0
1763566528.6929612;start;0.006829261779785156;227111.0
1763566528.7130866;start;0.005863189697265625;176025.0
1763566528.7310996;start;0.005530595779418945;142456.0
1763566528.74938;start;0.005154609680175781;178649.0
1763566528.7675755;start;0.006205558776855469;158996.0
1763566528.7883961;start;0.005381107330322266;124267.0
1763566528.8069592;start;0.007535457611083984;219665.0
1763566528.8266778;start;0.007362842559814453;233886.0
1763566528.8456986;start;0.006582736968994141;202759.0
1763566528.868951;start;0.005735635757446289;130371.0
1763566528.8885877;start;0.007010698318481445;208435.0
1763566528.9088676;start;0.0075719356536865234;202636.0
1763566528.9295285;start;0.01150965690612793;275451.0
1763566528.9565246;start;0.00611424446105957;174071.0
1763566528.9760396;start;0.010407447814941406;296813.0
1763566529.000021;start;0.005490541458129883;183838.0
1763566529.024658;start;0.007969856262207031;226989.0
1763566529.044045;start;0.008191108703613281;272400.0
1763566529.0681193;start;0.005553245544433594;164367.0
1763566529.0880497;start;0.00501704216003418;85754.0
1763566529.1062012;start;0.005610942840576172;131836.0
1763566529.1237898;start;0.005735635757446289;183288.0
1763566529.1425145;start;0.009960174560546875;268493.0
1763566529.1648986;start;0.005675792694091797;144530.0
1763566529.185087;start;0.00513768196105957;169616.0
1763566529.203865;start;0.005270242691040039;138184.0
1763566529.2216182;start;0.0051116943359375;119628.0
1763566529.2394435;start;0.005730152130126953;126831.0
1763566529.2581255;start;0.006744861602783203;240966.0
1763566529.276692;start;0.0076634883880615234;240172.0
1763566529.297837;start;0.005630016326904297;189880.0
1763566529.3162146;start;0.005171537399291992;161254.0
1763566529.336119;start;0.005188941955566406;155395.0
1763566529.3546417;start;0.005054950714111328;133300.0
1763566529.3740718;start;0.006914615631103516;170349.0
1763566529.3928301;start;0.006621360778808594;209350.0
1763566529.4119034;start;0.008993864059448242;319335.0
1763566529.4338214;start;0.0056819915771484375;147399.0
1763566529.4540293;start;0.005360841751098633;153015.0
1763566529.4726863;start;0.0052242279052734375;124450.0
1763566529.4908104;start;0.0065157413482666016;173767.0
1763566529.5126784;start;0.006306648254394531;178649.0
1763566529.531911;start;0.005551815032958984;179076.0
1763566529.551411;start;0.005530834197998047;183716.0
1763566529.5712926;start;0.005192995071411133;160705.0
1763566529.590173;start;0.005293846130371094;98815.0
1763566529.6088843;start;0.007187843322753906;208801.0
1763566529.6280653;start;0.011133909225463867;296569.0
1763566529.6545343;start;0.005064487457275391;139098.0
1763566529.6731794;start;0.0054280757904052734;172790.0
1763566529.6918328;start;0.0072214603424072266;178772.0
1763566529.7121928;start;0.0063381195068359375;253783.0
1763566529.7302527;start;0.00583195686340332;180358.0
1763566529.7485714;start;0.005428791046142578;157898.0
1763566529.766392;start;0.005334615707397461;151427.0
1763566529.7857127;start;0.005251169204711914;169250.0
1763566529.8041008;start;0.0050563812255859375;145752.0
1763566529.823261;start;0.005551815032958984;109557.0
1763566529.8410301;start;0.0063402652740478516;171325.0
1763566529.8603108;start;0.010047674179077148;278564.0
1763566529.8847463;start;0.005700588226318359;148743.0
1763566529.904591;start;0.005240440368652344;140930.0
1763566529.9226856;start;0.005303382873535156;119994.0
1763566529.948231;start;0.007009267807006836;188110.0
1763566529.972583;start;0.005272626876831055;115478.0
1763566529.9911797;start;0.006094455718994141;171752.0
1763566530.0094924;start;0.007463932037353516;211548.0
1763566530.030395;start;0.006871223449707031;213134.0
1763566530.0521424;start;0.005967378616333008;150512.0
1763566530.0722418;start;0.005945920944213867;133179.0
1763566530.091444;start;0.006013631820678711;169738.0
1763566530.1098256;start;0.006478309631347656;197876.0
1763566530.1275957;start;0.007526874542236328;241210.0
1763566530.148121;start;0.005747795104980469;129272.0
1763566530.1660311;start;0.005448341369628906;162659.0
1763566530.1864476;start;0.005342721939086914;147033.0
1763566530.2059872;start;0.005484580993652344;133850.0
1763566530.2272847;start;0.006738185882568359;206909.0
1763566530.2468631;start;0.007136821746826172;233031.0
1763566530.2673137;start;0.005879402160644531;200317.0
1763566530.2893064;start;0.005782127380371094;146789.0
1763566530.3103125;start;0.009185075759887695;245361.0
1763566530.3325837;start;0.0056858062744140625;146789.0
1763566530.3522487;start;0.00551915168762207;171448.0
1763566530.3715847;start;0.005346775054931641;142456.0
1763566530.3949337;start;0.00774383544921875;228698.0
1763566530.416148;start;0.005907297134399414;191344.0
1763566530.435665;start;0.005239009857177734;145263.0
1763566530.4539812;start;0.005320310592651367;145386.0
1763566530.4734542;start;0.00553131103515625;109680.0
1763566530.4926364;start;0.006483316421508789;192200.0
1763566530.5123055;start;0.006522417068481445;276061.0
1763566530.5309625;start;0.006222963333129883;171020.0
1763566530.5519516;start;0.005285739898681641;176758.0
1763566530.5706506;start;0.0053386688232421875;130859.0
1763566530.5894823;start;0.005080461502075195;116516.0
1763566530.6082568;start;0.0062716007232666016;178466.0
1763566530.6269104;start;0.0075359344482421875;190246.0
1763566530.6465971;start;0.007497072219848633;248046.0
1763566530.6684358;start;0.005804777145385742;157043.0
1763566530.689915;start;0.005087852478027344;119018.0
1763566530.709364;start;0.007410764694213867;173828.0
1763566530.7294407;start;0.00700688362121582;207702.0
1763566530.7488813;start;0.005702972412109375;146973.0
1763566530.7678907;start;0.006715536117553711;189208.0
1763566530.7886605;start;0.005439281463623047;157653.0
1763566530.8084188;start;0.0061397552490234375;177307.0
1763566530.8266811;start;0.006096601486206055;187194.0
1763566530.844803;start;0.007296323776245117;222961.0
1763566530.8650107;start;0.0071561336517333984;195678.0
1763566530.8869;start;0.005338191986083984;148559.0
1763566530.9078927;start;0.005776643753051758;123962.0
1763566530.9272268;start;0.007025718688964844;196533.0
1763566530.9462655;start;0.007315397262573242;272094.0
1763566530.968468;start;0.005543231964111328;134155.0
1763566530.9917614;start;0.00674128532409668;153014.0
1763566531.0116117;start;0.008257389068603516;255187.0
1763566531.0320342;start;0.005424976348876953;154418.0
1763566531.050049;start;0.00525355339050293;141479.0
1763566531.0718517;start;0.005293369293212891;163146.0
1763566531.0904016;start;0.005570650100708008;132507.0
1763566531.1116824;start;0.006621837615966797;215514.0
1763566531.1307511;start;0.006832122802734375;179992.0
1763566531.151474;start;0.005497932434082031;151428.0
1763566531.1704843;start;0.005640983581542969;167908.0
1763566531.1903923;start;0.005313873291015625;122498.0
1763566531.2086594;start;0.0052869319915771484;98388.0
1763566531.226384;start;0.00624847412109375;178833.0
1763566531.2439365;start;0.0070760250091552734;186401.0
1763566531.2630606;start;0.006157636642456055;213318.0
1763566531.2814717;start;0.005873441696166992;181702.0
1763566531.2997067;start;0.00568079948425293;177001.0
1763566531.320791;start;0.0053293704986572266;163390.0
1763566531.3396242;start;0.005039691925048828;133728.0
1763566531.3577287;start;0.0052678585052490234;143250.0
1763566531.376668;start;0.007943868637084961;221068.0
1763566531.3973353;start;0.006866931915283203;204711.0
1763566531.4194367;start;0.00555109977722168;170288.0
1763566531.4381971;start;0.005296945571899414;135071.0
1763566531.4573407;start;0.00516819953918457;124450.0
1763566531.4778728;start;0.006795167922973633;193969.0
1763566531.498962;start;0.006125450134277344;206543.0
1763566531.518653;start;0.005629539489746094;167785.0
1763566531.5385103;start;0.005694150924682617;142333.0
1763566531.557142;start;0.00513005256652832;117675.0
1763566531.5760598;start;0.00642704963684082;212890.0
1763566531.5999131;start;0.00643157958984375;211792.0
1763566531.621496;start;0.005446434020996094;152282.0
1763566531.6405842;start;0.005525112152099609;190918.0
1763566531.6598842;start;0.005977630615234375;206176.0
1763566531.6783307;start;0.006529808044433594;200805.0
1763566531.6973183;start;0.008734464645385742;297424.0
1763566531.719409;start;0.005417346954345703;166687.0
1763566531.7376964;start;0.0052449703216552734;157410.0
1763566531.7561634;start;0.005141258239746094;126892.0
1763566531.774173;start;0.005309343338012695;155028.0
1763566531.7929492;start;0.006303071975708008;186950.0
1763566531.8152936;start;0.006625652313232422;245483.0
1763566531.8348334;start;0.0060956478118896484;184204.0
1763566531.8575268;start;0.005449771881103516;120422.0
1763566531.8765643;start;0.006482839584350586;189636.0
1763566531.8956594;start;0.008606910705566406;235412.0
1763566531.920059;start;0.005418300628662109;197082.0
1763566531.9404855;start;0.0049207210540771484;187621.0
1763566531.9582477;start;0.005255222320556641;153259.0
1763566531.9774172;start;0.00729823112487793;242065.0
1763566532.0000477;start;0.0061626434326171875;209595.0
1763566532.0218127;start;0.005356550216674805;198791.0
1763566532.0408418;start;0.005171298980712891;180602.0
1763566532.0586553;start;0.005817890167236328;180176.0
1763566532.078445;start;0.0071697235107421875;231994.0
1763566532.0981705;start;0.006358146667480469;239257.0
1763566532.1201894;start;0.005702495574951172;223998.0
1763566532.1405613;start;0.0068624019622802734;220763.0
1763566532.1618168;start;0.007112264633178711;252685.0
1763566532.1865532;start;0.00594639778137207;176147.0
1763566532.2097504;start;0.005742788314819336;160888.0
1763566532.2280324;start;0.0071413516998291016;194397.0
1763566532.2484577;start;0.006825447082519531;211426.0
1763566532.2686741;start;0.006010293960571289;172729.0
1763566532.2886958;start;0.005704641342163086;157897.0
1763566532.308214;start;0.005917787551879883;137817.0
1763566532.3276236;start;0.006083965301513672;182739.0
1763566532.345802;start;0.008064508438110352;226562.0
1763566532.366535;start;0.006095409393310547;158142.0
1763566532.3868482;start;0.005282163619995117;154968.0
1763566532.4070292;start;0.005505561828613281;172424.0
1763566532.4261794;start;0.0054302215576171875;105834.0
1763566532.4446225;start;0.007220745086669922;216552.0
1763566532.463366;start;0.007460355758666992;243957.0
1763566532.4857247;start;0.008391380310058594;191833.0
1763566532.507054;start;0.005109548568725586;151367.0
1763566532.5262673;start;0.006430149078369141;171081.0
1763566532.54445;start;0.006561279296875;203796.0
1763566532.5629272;start;0.009977102279663086;261596.0
1763566532.5856476;start;0.00517582893371582;138061.0
1763566532.6051502;start;0.005258083343505859;142151.0
1763566532.6248913;start;0.0052640438079833984;111206.0
1763566532.6446762;start;0.006703615188598633;194884.0
1763566532.6634872;start;0.006963491439819336;222411.0
1763566532.6846654;start;0.005723237991333008;165466.0
1763566532.7059143;start;0.0053021907806396484;129943.0
1763566532.725066;start;0.005153179168701172;109863.0
1763566532.743655;start;0.0063860416412353516;165221.0
1763566532.7628133;start;0.008373022079467773;257690.0
1763566532.7863882;start;0.00574946403503418;167725.0
1763566532.8069384;start;0.005521297454833984;143005.0
1763566532.8253589;start;0.0054242610931396484;111511.0
1763566532.844232;start;0.006322145462036133;193481.0
1763566532.86208;start;0.008769750595092773;220825.0
1763566532.8850894;start;0.005678892135620117;149170.0
1763566532.904269;start;0.005285501480102539;143982.0
1763566532.9228597;start;0.0051534175872802734;151550.0
1763566532.9404693;start;0.005006313323974609;138672.0
1763566532.959733;start;0.006137847900390625;136291.0
1763566532.9800894;start;0.0070765018463134766;230346.0
1763566532.9997294;start;0.0067021846771240234;203490.0
1763566533.018434;start;0.00560760498046875;137023.0
1763566533.0402513;start;0.005333900451660156;162170.0
1763566533.0592887;start;0.005674123764038086;125671.0
1763566533.0791264;start;0.007544040679931641;191955.0
1763566533.0989668;start;0.006923675537109375;201232.0
1763566533.1188428;start;0.005631685256958008;161560.0
1763566533.1370819;start;0.00518345832824707;139465.0
1763566533.162334;start;0.007089853286743164;219604.0
1763566533.1815884;start;0.007338047027587891;253539.0
1763566533.2031257;start;0.005624532699584961;146850.0
1763566533.2233112;start;0.005377769470214844;142822.0
1763566533.2430444;start;0.005333423614501953;119934.0
1763566533.2618434;start;0.006484270095825195;251770.0
1763566533.2831898;start;0.0057125091552734375;172302.0
1763566533.303966;start;0.005279541015625;159728.0
1763566533.3224096;start;0.0051538944244384766;137451.0
1763566533.3423054;start;0.005243778228759766;109680.0
1763566533.360347;start;0.005417346954345703;136353.0
1763566533.3795874;start;0.007390022277832031;241882.0
1763566533.3984337;start;0.0068666934967041016;249145.0
1763566533.4181795;start;0.005776882171630859;147399.0
1763566533.4373996;start;0.005125284194946289;144043.0
1763566533.4567218;start;0.005162477493286133;130676.0
1763566533.4754171;start;0.005270957946777344;150146.0
1763566533.494965;start;0.007620573043823242;239257.0
1763566533.5143523;start;0.00852513313293457;256774.0
1763566533.5379155;start;0.0051953792572021484;141357.0
1763566533.5581968;start;0.005087614059448242;153686.0
1763566533.57832;start;0.007299184799194336;201416.0
1763566533.5980263;start;0.009109258651733398;260070.0
1763566533.6202352;start;0.0055065155029296875;165954.0
1763566533.638075;start;0.005156278610229492;162414.0
1763566533.6575587;start;0.005083799362182617;135498.0
1763566533.6759527;start;0.005286216735839844;131164.0
1763566533.6949573;start;0.00687098503112793;210510.0
1763566533.7150264;start;0.00720524787902832;238098.0
1763566533.7358851;start;0.005540370941162109;150085.0
1763566533.7560034;start;0.0055162906646728516;132019.0
1763566533.774966;start;0.005041837692260742;133301.0
1763566533.795619;start;0.006047248840332031;212462.0
1763566533.813991;start;0.010116815567016602;272033.0
1763566533.8382795;start;0.005314350128173828;166870.0
1763566533.8584883;start;0.0050694942474365234;169678.0
1763566533.8759766;start;0.0057353973388671875;132141.0
1763566533.8962708;start;0.007030010223388672;205993.0
1763566533.9153504;start;0.007483482360839844;221252.0
1763566533.9379256;start;0.009158134460449219;188964.0
1763566533.9605713;start;0.005673646926879883;143371.0
1763566533.9823754;start;0.007108211517333984;245238.0
1763566534.0042706;start;0.0066852569580078125;162719.0
1763566534.0249684;start;0.005473613739013672;135376.0
1763566534.044119;start;0.005616903305053711;146545.0
1763566534.0634887;start;0.00699305534362793;219481.0
1763566534.0832145;start;0.007690906524658203;236266.0
1763566534.1045802;start;0.005728006362915039;166992.0
1763566534.127636;start;0.0057048797607421875;186462.0
1763566534.1461527;start;0.007576942443847656;218200.0
1763566534.1654713;start;0.007895946502685547;254394.0
1763566534.1877048;start;0.005682706832885742;171020.0
1763566534.2063394;start;0.0051975250244140625;143005.0
1763566534.225651;start;0.005158662796020508;152466.0
1763566534.2437298;start;0.005230426788330078;118652.0
1763566534.2616382;start;0.006310462951660156;166992.0
1763566534.2806864;start;0.007464885711669922;204101.0
1763566534.3011794;start;0.006308078765869141;178283.0
1763566534.322563;start;0.005677223205566406;138611.0
1763566534.345217;start;0.006439685821533203;171387.0
1763566534.3634126;start;0.007569789886474609;204467.0
1763566534.3852878;start;0.00895380973815918;234985.0
1763566534.4080703;start;0.0053517818450927734;147033.0
1763566534.4278007;start;0.006572246551513672;166747.0
1763566534.446796;start;0.0070912837982177734;211303.0
1763566534.4667993;start;0.006659030914306641;239928.0
1763566534.4867616;start;0.0055942535400390625;158508.0
1763566534.5060022;start;0.005487203598022461;138976.0
1763566534.5254886;start;0.005062580108642578;138000.0
1763566534.5441823;start;0.005316257476806641;67505.0
1763566534.561768;start;0.006335020065307617;206969.0
1763566534.5827427;start;0.007478952407836914;251891.0
1763566534.6025307;start;0.006024360656738281;171753.0
1763566534.623077;start;0.005504131317138672;173523.0
1763566534.6428716;start;0.005006551742553711;122314.0
1763566534.6612923;start;0.005664348602294922;164306.0
1763566534.6806824;start;0.009614944458007812;261230.0
1763566534.7037523;start;0.005359172821044922;137390.0
1763566534.7222295;start;0.005181789398193359;144470.0
1763566534.741528;start;0.005203962326049805;174133.0
1763566534.7611852;start;0.006774425506591797;172180.0
1763566534.7811103;start;0.007188320159912109;195251.0
1763566534.8008668;start;0.006507158279418945;186828.0
1763566534.8264644;start;0.005171298980712891;175170.0
1763566534.8453226;start;0.006710529327392578;160217.0
1763566534.8642566;start;0.007337331771850586;197143.0
1763566534.8861458;start;0.0060062408447265625;203308.0
1763566534.9060056;start;0.0053670406341552734;174621.0
1763566534.924564;start;0.005443572998046875;140869.0
1763566534.9438224;start;0.00514531135559082;116272.0
1763566534.9626737;start;0.006548404693603516;204956.0
1763566534.9821076;start;0.008511781692504883;255554.0
1763566535.006446;start;0.005488872528076172;165710.0
1763566535.0250618;start;0.005059719085693359;167297.0
1763566535.0432403;start;0.005106210708618164;118774.0
1763566535.0628586;start;0.006538867950439453;189147.0
1763566535.0836108;start;0.008047103881835938;268920.0
1763566535.1061463;start;0.0055522918701171875;140015.0
1763566535.1257465;start;0.0051043033599853516;150268.0
1763566535.1436443;start;0.00541996955871582;104248.0
1763566535.1622138;start;0.006287336349487305;168762.0
1763566535.1807826;start;0.007699251174926758;206848.0
1763566535.201167;start;0.00692296028137207;247558.0
1763566535.221257;start;0.006061077117919922;169434.0
1763566535.2433639;start;0.005722522735595703;184936.0
1763566535.2639363;start;0.006764888763427734;211914.0
1763566535.2832904;start;0.0072383880615234375;255431.0
1763566535.3031876;start;0.00575709342956543;171875.0
1763566535.3227813;start;0.005364656448364258;138061.0
1763566535.3432055;start;0.0054111480712890625;134033.0
1763566535.3648942;start;0.0071332454681396484;215454.0
1763566535.3855588;start;0.006245136260986328;183472.0
1763566535.4053857;start;0.005337953567504883;141541.0
1763566535.4256241;start;0.005355358123779297;136719.0
1763566535.4446366;start;0.006418466567993164;149841.0
1763566535.4636936;start;0.006548643112182617;199340.0
1763566535.4824085;start;0.007886886596679688;243652.0
1763566535.5034952;start;0.005874156951904297;182739.0
1763566535.5227911;start;0.005578517913818359;144165.0
1763566535.5421681;start;0.0051152706146240234;134033.0
1763566535.561224;start;0.005136013031005859;138244.0
1763566535.579565;start;0.0062084197998046875;195434.0
1763566535.5983117;start;0.0071485042572021484;201050.0
1763566535.6178296;start;0.006708860397338867;176574.0
1763566535.637721;start;0.00620579719543457;174438.0
1763566535.6579452;start;0.005445718765258789;137329.0
1763566535.6770492;start;0.004980325698852539;161987.0
1763566535.695021;start;0.005171775817871094;94055.0
1763566535.71347;start;0.005499601364135742;184509.0
1763566535.7310266;start;0.0072209835052490234;201538.0
1763566535.7510188;start;0.006053924560546875;260986.0
1763566535.7713754;start;0.006048679351806641;166870.0
1763566535.7911642;start;0.005290985107421875;126891.0
1763566535.8099694;start;0.0051500797271728516;171997.0
1763566535.8291109;start;0.00606083869934082;198608.0
1763566535.8477194;start;0.006306886672973633;193969.0
1763566535.868277;start;0.0059299468994140625;212341.0
1763566535.8867898;start;0.00563359260559082;184265.0
1763566535.9070137;start;0.00660252571105957;272155.0
1763566535.936365;start;0.01037907600402832;407592.0
1763566535.964087;start;0.008785247802734375;392211.0
1763566535.9877064;start;0.005866527557373047;204711.0
1763566536.0076685;start;0.005553722381591797;156066.0
1763566536.0273244;start;0.005211353302001953;188537.0
1763566536.0459023;start;0.006411314010620117;231201.0
1763566536.066721;start;0.006621599197387695;272521.0
1763566536.0872245;start;0.0057718753814697266;204285.0
1763566536.106806;start;0.005328178405761719;204712.0
1763566536.127258;start;0.0051152706146240234;168762.0
1763566536.14555;start;0.005931854248046875;223633.0
1763566536.165997;start;0.006753444671630859;228820.0
1763566536.186797;start;0.006484270095825195;207580.0
1763566536.2074196;start;0.005940675735473633;157897.0
1763566536.2271776;start;0.005288600921630859;146668.0
1763566536.2487772;start;0.00590205192565918;221191.0
1763566536.2670398;start;0.00834512710571289;309386.0
1763566536.2917156;start;0.005423307418823242;150878.0
1763566536.3145509;start;0.007719516754150391;226013.0
1763566536.335133;start;0.006598234176635742;272460.0
1763566536.3565526;start;0.005513906478881836;159241.0
1763566536.376384;start;0.005316019058227539;139892.0
1763566536.3962631;start;0.005689382553100586;182556.0
1763566536.414358;start;0.006895780563354492;193603.0
1763566536.432627;start;0.005937814712524414;232177.0
1763566536.4509199;start;0.0083770751953125;297118.0
1763566536.4720545;start;0.005555391311645508;163574.0
1763566536.4912364;start;0.0053670406341552734;148376.0
1763566536.51041;start;0.0050466060638427734;146972.0
1763566536.5295677;start;0.005510091781616211;76538.0
1763566536.5476463;start;0.006573677062988281;211182.0
1763566536.566688;start;0.006860017776489258;224121.0
1763566536.58863;start;0.005538463592529297;180969.0
1763566536.6072788;start;0.005425691604614258;168029.0
1763566536.6267233;start;0.005110740661621094;148925.0
1763566536.644251;start;0.00517725944519043;126037.0
1763566536.662251;start;0.005033731460571289;106811.0
1763566536.67998;start;0.005464792251586914;74767.0
1763566536.6985598;start;0.0071620941162109375;197265.0
1763566536.7171378;start;0.0068242549896240234;275390.0
1763566536.736539;start;0.0057408809661865234;197448.0
1763566536.7568178;start;0.005671024322509766;164672.0
1763566536.775941;start;0.00527644157409668;148559.0
1763566536.7955856;start;0.005406618118286133;128112.0
1763566536.8139446;start;0.0065937042236328125;204162.0
1763566536.8332598;start;0.0073719024658203125;230956.0
1763566536.8543477;start;0.0061511993408203125;195862.0
1763566536.8751743;start;0.005330085754394531;136902.0
1763566536.8941286;start;0.005465507507324219;147277.0
1763566536.9136517;start;0.005774736404418945;92529.0
1763566536.931715;start;0.007034778594970703;244812.0
1763566536.950805;start;0.007417917251586914;252746.0
1763566536.972331;start;0.006266355514526367;170288.0
1763566536.9960144;start;0.0054285526275634766;157654.0
1763566537.013898;start;0.005736827850341797;150634.0
1763566537.0322669;start;0.006342649459838867;197265.0
1763566537.0501328;start;0.0058972835540771484;261168.0
1763566537.068356;start;0.006535768508911133;206969.0
1763566537.0886352;start;0.006180524826049805;166870.0
1763566537.111365;start;0.005506038665771484;148620.0
1763566537.130288;start;0.0063626766204833984;176330.0
1763566537.1516972;start;0.007185935974121094;212219.0
1763566537.1727073;start;0.005834817886352539;177978.0
1763566537.1958117;start;0.005585432052612305;125732.0
1763566537.2148356;start;0.005774736404418945;155945.0
1763566537.2329414;start;0.00805807113647461;262084.0
1763566537.2534087;start;0.006273031234741211;208191.0
1763566537.2730644;start;0.0068967342376708984;206786.0
1763566537.293883;start;0.005460023880004883;176147.0
1763566537.3123865;start;0.005402088165283203;121948.0
1763566537.331952;start;0.0069293975830078125;244506.0
1763566537.351199;start;0.007829666137695312;272766.0
1763566537.3718178;start;0.005860328674316406;138245.0
1763566537.395218;start;0.007634401321411133;171203.0
1763566537.4155533;start;0.006925106048583984;203430.0
1763566537.4355216;start;0.009078264236450195;298828.0
1763566537.4575155;start;0.005477428436279297;135071.0
1763566537.476966;start;0.005314826965332031;152771.0
1763566537.4952793;start;0.0050814151763916016;152221.0
1763566537.5130603;start;0.0048983097076416016;149353.0
1763566537.5302966;start;0.005340099334716797;93932.0
1763566537.5490534;start;0.006651878356933594;219665.0
1763566537.567342;start;0.007490396499633789;210754.0
1763566537.589464;start;0.0060176849365234375;179443.0
1763566537.6108112;start;0.0051190853118896484;161865.0
1763566537.6297538;start;0.005193948745727539;121704.0
1763566537.6479094;start;0.005774736404418945;180907.0
1763566537.6662962;start;0.0062944889068603516;177490.0
1763566537.6845686;start;0.008034467697143555;260559.0
1763566537.706648;start;0.005513191223144531;144287.0
1763566537.7250905;start;0.005511045455932617;166686.0
1763566537.7440927;start;0.005105495452880859;138061.0
1763566537.7620223;start;0.005018711090087891;158691.0
1763566537.780407;start;0.005156755447387695;112305.0
1763566537.7980626;start;0.005292415618896484;67260.0
1763566537.8158078;start;0.006169319152832031;196044.0
1763566537.8345685;start;0.008519649505615234;239379.0
1763566537.8558373;start;0.0054018497467041016;166992.0
1763566537.875502;start;0.005990266799926758;163330.0
1763566537.895705;start;0.005204916000366211;155151.0
1763566537.9140751;start;0.005435943603515625;126952.0
1763566537.932523;start;0.0061969757080078125;174438.0
1763566537.950988;start;0.006604194641113281;233459.0
1763566537.9701006;start;0.0062253475189208984;188293.0
1763566537.9907007;start;0.00545954704284668;136230.0
1763566538.0085866;start;0.005270957946777344;144409.0
1763566538.029637;start;0.0051059722900390625;133667.0
1763566538.0478184;start;0.006781339645385742;217345.0
1763566538.0711062;start;0.006209611892700195;157470.0
1763566538.0898378;start;0.0052373409271240234;168212.0
1763566538.1088202;start;0.005394935607910156;169616.0
1763566538.1286795;start;0.005177021026611328;135497.0
1763566538.1471238;start;0.005660533905029297;132813.0
1763566538.1661983;start;0.008498668670654297;215697.0
1763566538.1924884;start;0.005342721939086914;159423.0
1763566538.2121568;start;0.005365133285522461;130065.0
1763566538.231558;start;0.005914211273193359;144592.0
1763566538.2494407;start;0.006522178649902344;180236.0
1763566538.2680926;start;0.006682395935058594;178527.0
1763566538.288412;start;0.005536794662475586;121582.0
1763566538.306734;start;0.005549907684326172;150452.0
1763566538.3255734;start;0.005185842514038086;156006.0
1763566538.3443882;start;0.0053844451904296875;172424.0
1763566538.3638358;start;0.00634765625;197997.0
1763566538.3830853;start;0.006533145904541016;167114.0
1763566538.4026983;start;0.006638765335083008;195312.0
1763566538.422285;start;0.007882356643676758;220398.0
1763566538.444514;start;0.0051097869873046875;143981.0
1763566538.4628065;start;0.005475044250488281;155884.0
1763566538.4831424;start;0.006812334060668945;196166.0
1763566538.5022466;start;0.007537364959716797;250487.0
1763566538.5233681;start;0.005535125732421875;152343.0
1763566538.5452895;start;0.006568431854248047;159607.0
1763566538.5661058;start;0.007458686828613281;205993.0
1763566538.587571;start;0.0061109066009521484;187683.0
1763566538.6077135;start;0.005677461624145508;177673.0
1763566538.6270537;start;0.005237102508544922;122498.0
1763566538.6457014;start;0.005034446716308594;137512.0
1763566538.6636808;start;0.005210399627685547;105773.0
1763566538.6826866;start;0.0069696903228759766;196777.0
1763566538.7019022;start;0.007096052169799805;226013.0
1763566538.7226005;start;0.005811452865600586;165405.0
1763566538.741022;start;0.005407810211181641;170654.0
1763566538.7592895;start;0.005282402038574219;155396.0
1763566538.778304;start;0.005277156829833984;137390.0
1763566538.7970524;start;0.0054857730865478516;171691.0
1763566538.8158352;start;0.006124258041381836;195983.0
1763566538.8343275;start;0.007359981536865234;185546.0
1763566538.853135;start;0.006941318511962891;238403.0
1763566538.874806;start;0.0070285797119140625;191344.0
1763566538.8962708;start;0.005973339080810547;141052.0
1763566538.9156926;start;0.005708456039428711;173767.0
1763566538.93436;start;0.007833242416381836;224792.0
1763566538.9553506;start;0.00579833984375;200500.0
1763566538.9746428;start;0.005506038665771484;187805.0
1763566538.9941392;start;0.005316734313964844;121459.0
1763566539.0172806;start;0.006201028823852539;198791.0
1763566539.0412343;start;0.00603032112121582;158142.0
1763566539.060866;start;0.005331754684448242;143555.0
1763566539.0795863;start;0.005871295928955078;137695.0
1763566539.1025267;start;0.006956577301025391;224243.0
1763566539.1234176;start;0.006661176681518555;197448.0
1763566539.1436965;start;0.0058994293212890625;196411.0
1763566539.1661093;start;0.007585287094116211;220397.0
1763566539.1903973;start;0.0056438446044921875;188355.0
1763566539.2107837;start;0.005473136901855469;178954.0
1763566539.2303634;start;0.005270481109619141;142944.0
1763566539.2508051;start;0.007361888885498047;177612.0
1763566539.270634;start;0.007561206817626953;220397.0
1763566539.2916522;start;0.005385160446166992;168883.0
1763566539.3106534;start;0.00546717643737793;166015.0
1763566539.3304758;start;0.0061604976654052734;163635.0
1763566539.3504455;start;0.007439613342285156;238220.0
1763566539.3704264;start;0.0066716670989990234;227783.0
1763566539.3899477;start;0.006143331527709961;179748.0
1763566539.4100168;start;0.0054132938385009766;165283.0
1763566539.4307187;start;0.00503087043762207;153870.0
1763566539.4493597;start;0.0067560672760009766;207092.0
1763566539.4701698;start;0.006635189056396484;227783.0
1763566539.490127;start;0.0054836273193359375;178650.0
1763566539.5090308;start;0.0057451725006103516;144225.0
1763566539.5308306;start;0.005293369293212891;117736.0
1763566539.5496428;start;0.006752490997314453;185180.0
1763566539.5682638;start;0.007640838623046875;215515.0
1763566539.5881124;start;0.007081270217895508;200928.0
1763566539.609605;start;0.005433082580566406;152526.0
1763566539.6314936;start;0.005506277084350586;123290.0
1763566539.6498637;start;0.00585174560546875;172791.0
1763566539.6682596;start;0.006484270095825195;208129.0
1763566539.687611;start;0.007167816162109375;232665.0
1763566539.7078087;start;0.00561976432800293;178955.0
1763566539.727864;start;0.005440235137939453;142029.0
1763566539.7474802;start;0.005265474319458008;138855.0
1763566539.7669;start;0.006533384323120117;187438.0
1763566539.785467;start;0.006927490234375;223510.0
1763566539.8077834;start;0.007037639617919922;201110.0
1763566539.827904;start;0.005204916000366211;135437.0
1763566539.8472652;start;0.005056619644165039;141174.0
1763566539.8653522;start;0.005283355712890625;104614.0
1763566539.884202;start;0.006773948669433594;179198.0
1763566539.9028902;start;0.007204532623291016;215637.0
1763566539.923684;start;0.005647897720336914;192443.0
1763566539.9427292;start;0.00528717041015625;160949.0
1763566539.961088;start;0.0050585269927978516;141357.0
1763566539.980875;start;0.0050811767578125;127258.0
1763566540.000565;start;0.00682520866394043;194884.0
1763566540.019197;start;0.006886482238769531;211547.0
1763566540.038726;start;0.006415128707885742;183044.0
1763566540.0574954;start;0.005520343780517578;153198.0
1763566540.0766356;start;0.006911516189575195;157654.0
1763566540.099199;start;0.005954742431640625;163329.0
1763566540.1189601;start;0.008103370666503906;239562.0
1763566540.14121;start;0.005957603454589844;195434.0
1763566540.161474;start;0.005176544189453125;174072.0
1763566540.1801193;start;0.005289793014526367;142273.0
1763566540.1990771;start;0.005487203598022461;160766.0
1763566540.216491;start;0.0057485103607177734;138428.0
1763566540.2348762;start;0.006682872772216797;221191.0
1763566540.2538521;start;0.00746607780456543;323730.0
1763566540.2767158;start;0.006419181823730469;241638.0
1763566540.2994092;start;0.006827116012573242;248962.0
1763566540.3186734;start;0.009031295776367188;226562.0
1763566540.3406188;start;0.0076901912689208984;216796.0
1763566540.3616767;start;0.005427360534667969;148559.0
1763566540.3806586;start;0.005488395690917969;162353.0
1763566540.4000974;start;0.0064067840576171875;210327.0
1763566540.4180193;start;0.0075244903564453125;207152.0
1763566540.4388921;start;0.0064699649810791016;232177.0
1763566540.4576774;start;0.005800962448120117;152709.0
1763566540.477987;start;0.005292654037475586;151367.0
1763566540.4973176;start;0.005130290985107422;146545.0
1763566540.5167673;start;0.00759577751159668;206420.0
1763566540.5360444;start;0.006329059600830078;230957.0
1763566540.5555387;start;0.006888389587402344;252074.0
1763566540.576226;start;0.005782127380371094;168212.0
1763566540.5966141;start;0.0051953792572021484;150878.0
1763566540.6152887;start;0.005845785140991211;183166.0
1763566540.6372063;start;0.008511781692504883;221618.0
1763566540.6589136;start;0.005504131317138672;161132.0
1763566540.678902;start;0.005654573440551758;150940.0
1763566540.6978123;start;0.00524592399597168;142577.0
1763566540.7166457;start;0.005431652069091797;178406.0
1763566540.7346542;start;0.006477832794189453;170166.0
1763566540.7531874;start;0.008397340774536133;218078.0
1763566540.775227;start;0.00616145133972168;185241.0
1763566540.796556;start;0.005674123764038086;182067.0
1763566540.8160462;start;0.005753040313720703;144103.0
1763566540.8343751;start;0.005843639373779297;204345.0
1763566540.8517005;start;0.006486654281616211;191100.0
1763566540.8705187;start;0.007369518280029297;214599.0
1763566540.893354;start;0.00580596923828125;182312.0
1763566540.91339;start;0.0056154727935791016;177673.0
1763566540.931769;start;0.005247592926025391;129638.0
1763566540.9510863;start;0.005814790725708008;253112.0
1763566540.969238;start;0.011177301406860352;285156.0
1763566540.99445;start;0.005471944808959961;138672.0
1763566541.0129561;start;0.0050296783447265625;140136.0
1763566541.031921;start;0.005072116851806641;129577.0
1763566541.0502079;start;0.0059168338775634766;156006.0
1763566541.0687256;start;0.0060040950775146484;211609.0
1763566541.0871904;start;0.008435487747192383;244751.0
1763566541.1100457;start;0.005526304244995117;160705.0
1763566541.130176;start;0.005207538604736328;163818.0
1763566541.1495984;start;0.005142688751220703;136658.0
1763566541.166955;start;0.006215095520019531;174499.0
1763566541.188486;start;0.008033514022827148;260498.0
1763566541.2096245;start;0.005651712417602539;159118.0
1763566541.230385;start;0.005127668380737305;145386.0
1763566541.2489228;start;0.00505518913269043;157653.0
1763566541.2681334;start;0.0089569091796875;223022.0
1763566541.2903807;start;0.006268501281738281;190430.0
1763566541.3116038;start;0.0055162906646728516;142883.0
1763566541.3321254;start;0.005206584930419922;143676.0
1763566541.3517807;start;0.007366657257080078;192932.0
1763566541.3711674;start;0.0077512264251708984;247680.0
1763566541.3950071;start;0.005742549896240234;153930.0
1763566541.4194226;start;0.007471561431884766;205017.0
1763566541.440041;start;0.007100820541381836;177917.0
1763566541.4599414;start;0.005364418029785156;161926.0
1763566541.4784274;start;0.00535893440246582;155761.0
1763566541.4965954;start;0.005592823028564453;173522.0
1763566541.5160413;start;0.005048036575317383;145142.0
1763566541.533836;start;0.0053174495697021484;80993.0
1763566541.5519798;start;0.007353305816650391;197692.0
1763566541.5712073;start;0.008333683013916016;246826.0
1763566541.593125;start;0.005454540252685547;156616.0
1763566541.6127915;start;0.0055658817291259766;160339.0
1763566541.6382377;start;0.011971712112426758;311339.0
1763566541.6656506;start;0.0050504207611083984;140136.0
1763566541.684936;start;0.006221294403076172;184021.0
1763566541.703035;start;0.007071256637573242;206664.0
1763566541.7223825;start;0.008610725402832031;300902.0
1763566541.744012;start;0.005371570587158203;145019.0
1763566541.7630837;start;0.005332231521606445;173400.0
1763566541.7825298;start;0.0055789947509765625;111511.0
1763566541.8016198;start;0.005889177322387695;203613.0
1763566541.8196561;start;0.006997108459472656;192321.0
1763566541.8384793;start;0.007317543029785156;244812.0
1763566541.8580546;start;0.007639408111572266;221008.0
1763566541.8811383;start;0.00568079948425293;173401.0
1763566541.900176;start;0.005701780319213867;156920.0
1763566541.9183438;start;0.006384372711181641;166564.0
1763566541.936457;start;0.007226467132568359;203796.0
1763566541.9561353;start;0.006791591644287109;181213.0
1763566541.976418;start;0.005863666534423828;177673.0
1763566541.9990368;start;0.005367755889892578;132874.0
1763566542.0176148;start;0.005955696105957031;120788.0
1763566542.036316;start;0.006201267242431641;206115.0
1763566542.0540326;start;0.0071065425872802734;201110.0
1763566542.0731134;start;0.006134033203125;235717.0
1763566542.0925493;start;0.005593538284301758;150878.0
1763566542.1127698;start;0.00553131103515625;136841.0
1763566542.1329587;start;0.005501747131347656;142517.0
1763566542.151429;start;0.0052607059478759766;173827.0
1763566542.1691446;start;0.006250858306884766;197570.0
1763566542.1881971;start;0.006374359130859375;181457.0
1763566542.2079513;start;0.006283760070800781;173949.0
1763566542.2285402;start;0.005437374114990234;153442.0
1763566542.2486122;start;0.005406379699707031;157959.0
1763566542.2700038;start;0.00722050666809082;182677.0
1763566542.2903461;start;0.007352352142333984;189697.0
1763566542.3152695;start;0.00621342658996582;218994.0
1763566542.3368998;start;0.007548809051513672;241150.0
1763566542.358238;start;0.006003856658935547;230285.0
1763566542.3787427;start;0.006436347961425781;194091.0
1763566542.4004557;start;0.006945133209228516;243285.0
1763566542.421438;start;0.007930994033813477;260254.0
1763566542.4430218;start;0.0056078433990478516;189575.0
1763566542.4633813;start;0.005937814712524414;237731.0
1763566542.4832985;start;0.005768537521362305;205566.0
1763566542.5026138;start;0.006909608840942383;226745.0
1763566542.5220788;start;0.007616281509399414;247131.0
1763566542.543769;start;0.008221626281738281;219909.0
1763566542.5670545;start;0.0054473876953125;116699.0
1763566542.5872438;start;0.006509065628051758;201843.0
1763566542.6053267;start;0.006548881530761719;236937.0
1763566542.6253288;start;0.008211374282836914;193908.0
1763566542.6469197;start;0.005311250686645508;147338.0
1763566542.6656497;start;0.005250453948974609;149475.0
1763566542.6861584;start;0.008047819137573242;182251.0
1763566542.7072904;start;0.0068399906158447266;215026.0
1763566542.7261481;start;0.006021738052368164;172301.0
1763566542.7461574;start;0.0058057308197021484;140502.0
1763566542.7661886;start;0.00506281852722168;159363.0
1763566542.7840955;start;0.005385398864746094;128357.0
1763566542.8038862;start;0.007538795471191406;178771.0
1763566542.824591;start;0.00608372688293457;160949.0
1763566542.8462832;start;0.00718235969543457;194397.0
1763566542.8679643;start;0.0053310394287109375;123840.0
1763566542.8865106;start;0.0070536136627197266;217285.0
1763566542.906691;start;0.007191896438598633;320312.0
1763566542.927165;start;0.005260944366455078;181335.0
1763566542.9472106;start;0.005280971527099609;181884.0
1763566542.967396;start;0.0055084228515625;130737.0
1763566542.9872513;start;0.006422281265258789;220092.0
1763566543.0070202;start;0.007624387741088867;284484.0
1763566543.0292373;start;0.005398750305175781;164062.0
1763566543.047628;start;0.005173683166503906;153075.0
1763566543.0664232;start;0.005177497863769531;141662.0
1763566543.085327;start;0.0059223175048828125;137817.0
1763566543.1041005;start;0.0071184635162353516;212951.0
1763566543.1231024;start;0.007897377014160156;208312.0
1763566543.1475186;start;0.005560636520385742;167297.0
1763566543.167032;start;0.005465984344482422;124999.0
1763566543.1867979;start;0.006482601165771484;201354.0
1763566543.2051597;start;0.00648045539855957;208434.0
1763566543.2242079;start;0.008064746856689453;236450.0
1763566543.248701;start;0.00552058219909668;185729.0
1763566543.268292;start;0.00638270378112793;184631.0
1763566543.28806;start;0.00748133659362793;199096.0
1763566543.309478;start;0.005888700485229492;165100.0
1763566543.3275058;start;0.00548243522644043;164856.0
1763566543.3479495;start;0.005643367767333984;151611.0
1763566543.3674395;start;0.005051136016845703;141052.0
1763566543.3864863;start;0.006176948547363281;194885.0
1763566543.4041057;start;0.007914304733276367;204101.0
1763566543.425319;start;0.006494760513305664;191284.0
1763566543.4442818;start;0.00562596321105957;165466.0
1763566543.4632251;start;0.005051612854003906;144165.0
1763566543.4821131;start;0.005269765853881836;147705.0
1763566543.5026448;start;0.007860183715820312;223022.0
1763566543.5224268;start;0.007052421569824219;233154.0
1763566543.543815;start;0.006207466125488281;165954.0
1763566543.5631833;start;0.005397796630859375;166809.0
1763566543.5846088;start;0.0050313472747802734;117432.0
1763566543.6029806;start;0.006484031677246094;193359.0
1763566543.6230319;start;0.007298469543457031;250488.0
1763566543.6433783;start;0.0073566436767578125;198608.0
1763566543.6654997;start;0.005446434020996094;139343.0
1763566543.6844027;start;0.0052721500396728516;168884.0
1763566543.7026877;start;0.006476402282714844;186950.0
1763566543.7207754;start;0.006803750991821289;212829.0
1763566543.7392097;start;0.008884668350219727;264037.0
1763566543.7624846;start;0.005959749221801758;157410.0
1763566543.782623;start;0.005457639694213867;143249.0
1763566543.8035293;start;0.0069119930267333984;195617.0
1763566543.8229752;start;0.006574392318725586;186340.0
1763566543.8412204;start;0.011333942413330078;372923.0
1763566543.866364;start;0.0051424503326416016;135315.0
1763566543.8859375;start;0.005489349365234375;135498.0
1763566543.9083407;start;0.006959676742553711;187133.0
1763566543.9299977;start;0.006506919860839844;196838.0
1763566543.9498851;start;0.005324840545654297;123718.0
1763566543.9695535;start;0.005482196807861328;119873.0
1763566543.9872468;start;0.0055887699127197266;171814.0
1763566544.0050735;start;0.0061283111572265625;244018.0
1763566544.023196;start;0.007111787796020508;238402.0
1763566544.044754;start;0.007351398468017578;191833.0
1763566544.0655272;start;0.0057048797607421875;175476.0
1763566544.0856292;start;0.006127119064331055;178222.0
1763566544.1045067;start;0.0065364837646484375;233153.0
1763566544.1234658;start;0.006847381591796875;236389.0
1763566544.1429048;start;0.00591731071472168;193664.0
1763566544.1619847;start;0.005499362945556641;175536.0
1763566544.180282;start;0.006125450134277344;146423.0
1763566544.201051;start;0.0051953792572021484;187865.0
1763566544.2190542;start;0.005129575729370117;110351.0
1763566544.2367315;start;0.005676984786987305;201416.0
1763566544.2547052;start;0.007158756256103516;202820.0
1763566544.2743142;start;0.006325721740722656;233459.0
1763566544.294513;start;0.008907794952392578;232238.0
1763566544.317642;start;0.0051043033599853516;155762.0
1763566544.3351963;start;0.0049800872802734375;113830.0
1763566544.3525684;start;0.005140781402587891;102783.0
1763566544.3703227;start;0.006102561950683594;226928.0
1763566544.3889096;start;0.0071909427642822266;208801.0
1763566544.4090312;start;0.005957603454589844;220031.0
1763566544.4278462;start;0.006080150604248047;187866.0
1763566544.4482794;start;0.0051403045654296875;145385.0
1763566544.465621;start;0.005469083786010742;123901.0
1763566544.4845123;start;0.005143404006958008;123840.0
1763566544.502496;start;0.005297183990478516;108704.0
1763566544.5207863;start;0.0063359737396240234;150939.0
1763566544.5389094;start;0.006139993667602539;213561.0
1763566544.55693;start;0.006669521331787109;268981.0
1763566544.5768328;start;0.0067806243896484375;192688.0
1763566544.598217;start;0.0055844783782958984;160095.0
1763566544.6173208;start;0.00538182258605957;160522.0
1763566544.6365156;start;0.005262136459350586;94971.0
1763566544.6545994;start;0.006806373596191406;148437.0
1763566544.67594;start;0.0077130794525146484;228088.0
1763566544.6989675;start;0.00531768798828125;185791.0
1763566544.7179265;start;0.004992961883544922;165894.0
1763566544.7384899;start;0.005723714828491211;216736.0
1763566544.7563796;start;0.0073277950286865234;253540.0
1763566544.782221;start;0.005455732345581055;156799.0
1763566544.8031461;start;0.006067991256713867;113770.0
1763566544.822819;start;0.006476640701293945;223755.0
1763566544.840761;start;0.006379365921020508;260986.0
1763566544.8605518;start;0.006073951721191406;213989.0
1763566544.880234;start;0.0054035186767578125;173279.0
1763566544.900693;start;0.0055010318756103516;135071.0
1763566544.921958;start;0.006744384765625;175476.0
1763566544.940899;start;0.007357358932495117;221068.0
1763566544.965074;start;0.005674839019775391;131347.0
1763566544.9853013;start;0.0053369998931884766;136291.0
1763566545.003779;start;0.005782365798950195;94299.0
1763566545.0215516;start;0.005728960037231445;204284.0
1763566545.0409377;start;0.006753683090209961;242431.0
1763566545.0604692;start;0.006112098693847656;204040.0
1763566545.0802493;start;0.005474567413330078;196472.0
1763566545.1000414;start;0.005329608917236328;164734.0
1763566545.118888;start;0.0051479339599609375;111755.0
1763566545.1369255;start;0.0052947998046875;93933.0
1763566545.1562858;start;0.006627559661865234;231078.0
1763566545.1753256;start;0.00730443000793457;250610.0
1763566545.1973042;start;0.0055789947509765625;170715.0
1763566545.216654;start;0.0052182674407958984;145934.0
1763566545.2346888;start;0.005280017852783203;135925.0
1763566545.2538857;start;0.006359100341796875;160034.0
1763566545.272073;start;0.00664973258972168;234313.0
1763566545.293222;start;0.006822824478149414;220459.0
1763566545.3142266;start;0.0052797794342041016;192016.0
1763566545.3342266;start;0.005257606506347656;143921.0
1763566545.3537087;start;0.006510734558105469;123718.0
1763566545.3740492;start;0.008777379989624023;294433.0
1763566545.3965588;start;0.005686521530151367;176391.0
1763566545.4162648;start;0.005507230758666992;140258.0
1763566545.4351227;start;0.005198001861572266;159911.0
1763566545.4542625;start;0.005898475646972656;165344.0
1763566545.4726267;start;0.006356239318847656;208679.0
1763566545.4913561;start;0.006880998611450195;249328.0
1763566545.510357;start;0.008795738220214844;268798.0
1763566545.532558;start;0.005575656890869141;148315.0
1763566545.5560668;start;0.006243228912353516;224487.0
1763566545.5743017;start;0.007248878479003906;238891.0
1763566545.5945926;start;0.0060482025146484375;188598.0
1763566545.6138384;start;0.005807161331176758;151855.0
1763566545.632988;start;0.005358219146728516;128478.0
1763566545.6526787;start;0.005233287811279297;154418.0
1763566545.673816;start;0.007884502410888672;228271.0
1763566545.695275;start;0.00572967529296875;189392.0
1763566545.714535;start;0.005556821823120117;159973.0
1763566545.7353075;start;0.005738258361816406;149780.0
1763566545.7540326;start;0.005866527557373047;180907.0
1763566545.7723815;start;0.00580286979675293;230285.0
1763566545.7911437;start;0.006403684616088867;231628.0
1763566545.810455;start;0.007676362991333008;245666.0
1763566545.8320022;start;0.005313396453857422;150939.0
1763566545.8554268;start;0.006432056427001953;218505.0
1763566545.8737333;start;0.00698542594909668;238769.0
1763566545.893531;start;0.006968259811401367;239196.0
1763566545.913659;start;0.005838632583618164;184509.0
1763566545.9331136;start;0.005170345306396484;164184.0
1763566545.9521935;start;0.005513668060302734;140685.0
1763566545.971401;start;0.0058324337005615234;159729.0
1763566545.989928;start;0.006318330764770508;192810.0
1763566546.008359;start;0.007265567779541016;232544.0
1763566546.0272863;start;0.0063629150390625;198608.0
1763566546.0466082;start;0.005865335464477539;187805.0
1763566546.0660827;start;0.005577564239501953;201477.0
1763566546.0861943;start;0.004999637603759766;133056.0
1763566546.1040716;start;0.0058040618896484375;217895.0
1763566546.1229935;start;0.0061779022216796875;245360.0
1763566546.14111;start;0.006268739700317383;191772.0
1763566546.1595771;start;0.007643461227416992;257995.0
1763566546.1797166;start;0.0058155059814453125;162781.0
1763566546.1992016;start;0.0055484771728515625;148071.0
1763566546.221972;start;0.005655527114868164;168884.0
1763566546.2408931;start;0.006884098052978516;225829.0
1763566546.2592094;start;0.007465839385986328;271666.0
1763566546.2823262;start;0.00641942024230957;160278.0
1763566546.3016956;start;0.00535893440246582;184020.0
1763566546.3210034;start;0.00535130500793457;92101.0
1763566546.3393435;start;0.006014585494995117;153625.0
1763566546.3574271;start;0.006808757781982422;210021.0
1763566546.3761637;start;0.00962066650390625;315795.0
1763566546.3993552;start;0.005305290222167969;153381.0
1763566546.4179046;start;0.005384683609008789;164306.0
1763566546.436374;start;0.0050923824310302734;149719.0
1763566546.4555793;start;0.0070002079010009766;259094.0
1763566546.4752445;start;0.00680994987487793;219787.0
1763566546.4965298;start;0.005717754364013672;193848.0
1763566546.5171564;start;0.005293130874633789;165649.0
1763566546.5364993;start;0.005232334136962891;133117.0
1763566546.5552223;start;0.005961418151855469;189941.0
1763566546.5742;start;0.006829023361206055;209412.0
1763566546.593903;start;0.0068187713623046875;266845.0
1763566546.6136427;start;0.0066678524017333984;165283.0
1763566546.6344793;start;0.005213260650634766;142699.0
1763566546.6525688;start;0.005308389663696289;180968.0
1763566546.6716976;start;0.005763053894042969;168274.0
1763566546.6948152;start;0.0064525604248046875;203185.0
1763566546.7149272;start;0.005478382110595703;149231.0
1763566546.7336266;start;0.005324125289916992;156799.0
1763566546.752913;start;0.005700111389160156;151184.0
1763566546.7722414;start;0.006575822830200195;185973.0
1763566546.7951105;start;0.0060312747955322266;160156.0
1763566546.8139977;start;0.005917549133300781;186645.0
1763566546.8350961;start;0.00524139404296875;145324.0
1763566546.8550873;start;0.006289958953857422;167236.0
1763566546.8739748;start;0.007050514221191406;209106.0
1763566546.8942616;start;0.006661653518676758;258422.0
1763566546.9159913;start;0.0061876773834228516;174316.0
1763566546.9358492;start;0.0050542354583740234;142761.0
1763566546.955304;start;0.006082773208618164;179138.0
1763566546.9745064;start;0.006777524948120117;206848.0
1763566546.9951785;start;0.005609273910522461;156433.0
1763566547.0142105;start;0.0062334537506103516;158508.0
1763566547.0353703;start;0.005359172821044922;145142.0
1763566547.053396;start;0.005280494689941406;127013.0
1763566547.0725935;start;0.006300210952758789;183776.0
1763566547.0912504;start;0.007385969161987305;243652.0
1763566547.1120367;start;0.006373882293701172;219726.0
1763566547.1319263;start;0.005608320236206055;178039.0
1763566547.1514187;start;0.005159616470336914;155212.0
1763566547.1720886;start;0.005559682846069336;176514.0
1763566547.191111;start;0.006404876708984375;192443.0
1763566547.2093105;start;0.0063664913177490234;236632.0
1763566547.2284946;start;0.0061931610107421875;224670.0
1763566547.247348;start;0.005537748336791992;171936.0
1763566547.2660916;start;0.005275726318359375;145386.0
1763566547.2858515;start;0.005346059799194336;155578.0
1763566547.309103;start;0.0074427127838134766;222961.0
1763566547.329673;start;0.005811929702758789;150390.0
1763566547.3485985;start;0.005971193313598633;166076.0
1763566547.367427;start;0.0051021575927734375;166748.0
1763566547.3873568;start;0.005124807357788086;117676.0
1763566547.407299;start;0.007467031478881836;203552.0
1763566547.4280503;start;0.012052297592163086;313597.0
1763566547.4559877;start;0.006216287612915039;169921.0
1763566547.4747279;start;0.006838083267211914;197143.0
1763566547.4943159;start;0.006375551223754883;224548.0
1763566547.51368;start;0.005847454071044922;158752.0
1763566547.5327723;start;0.005240678787231445;155944.0
1763566547.552557;start;0.005266904830932617;175292.0
1763566547.573472;start;0.006764411926269531;196777.0
1763566547.5929744;start;0.0076961517333984375;247863.0
1763566547.613283;start;0.006055593490600586;207092.0
1763566547.6331856;start;0.0058095455169677734;153747.0
1763566547.652958;start;0.00521397590637207;134948.0
1763566547.6714468;start;0.005222797393798828;80810.0
1763566547.6907837;start;0.0068569183349609375;196960.0
1763566547.710616;start;0.008367776870727539;244994.0
1763566547.7323236;start;0.005586385726928711;180725.0
1763566547.751331;start;0.005557537078857422;151367.0
1763566547.7727177;start;0.0065386295318603516;190002.0
1763566547.792432;start;0.010011672973632812;293212.0
1763566547.8174345;start;0.005227088928222656;170776.0
1763566547.8365386;start;0.0052433013916015625;156372.0
1763566547.8559823;start;0.005944252014160156;168213.0
1763566547.8759816;start;0.007483482360839844;208068.0
1763566547.897326;start;0.006570577621459961;207519.0
1763566547.9180524;start;0.005186796188354492;169311.0
1763566547.9375012;start;0.005307197570800781;140564.0
1763566547.957004;start;0.0064089298248291016;212402.0
1763566547.9758935;start;0.007773876190185547;220764.0
1763566547.9983544;start;0.005959272384643555;208679.0
1763566548.019376;start;0.005101203918457031;159180.0
1763566548.0371134;start;0.00502467155456543;140868.0
1763566548.0569236;start;0.00554656982421875;163390.0
1763566548.0747063;start;0.005959510803222656;232177.0
1763566548.0940406;start;0.007056236267089844;272338.0
1763566548.1133704;start;0.005973339080810547;181640.0
1763566548.132781;start;0.005433082580566406;173645.0
1763566548.1497643;start;0.005107879638671875;142944.0
1763566548.1692865;start;0.005530595779418945;142212.0
1763566548.1890137;start;0.005097627639770508;88500.0
1763566548.2080162;start;0.007218599319458008;218078.0
1763566548.2270093;start;0.0066759586334228516;231261.0
1763566548.2464857;start;0.006232261657714844;181213.0
1763566548.2651374;start;0.0054972171783447266;173278.0
1763566548.28627;start;0.005066871643066406;158325.0
1763566548.305553;start;0.005288124084472656;111144.0
1763566548.323837;start;0.005693912506103516;192565.0
1763566548.3426251;start;0.008516788482666016;284972.0
1763566548.364117;start;0.00558161735534668;164428.0
1763566548.3833175;start;0.0054056644439697266;151733.0
1763566548.4038506;start;0.005074024200439453;131897.0
1763566548.4215941;start;0.006995439529418945;151367.0
1763566548.4412634;start;0.006099700927734375;188843.0
1763566548.4596763;start;0.009042501449584961;270324.0
1763566548.481547;start;0.005815982818603516;158263.0
1763566548.5017867;start;0.005767345428466797;168945.0
1763566548.5214305;start;0.005352973937988281;113464.0
1763566548.5398912;start;0.005405902862548828;117615.0
1763566548.5576584;start;0.00730443000793457;240172.0
1763566548.5786777;start;0.009009838104248047;335387.0
1763566548.601086;start;0.005498409271240234;169921.0
1763566548.6199453;start;0.005220174789428711;140807.0
1763566548.6397;start;0.005177974700927734;96130.0
1763566548.6581118;start;0.006732463836669922;241089.0
1763566548.6764624;start;0.0062541961669921875;213196.0
1763566548.695543;start;0.007126808166503906;296630.0
